company_std,year_std,Company_Name,Sector,Industry,Ticker_Symbol,Year,Report_Type,Data_Source,ESG_Score_Composite,ESG_Rating_Grade,ESG_Percentile_Rank,Env_Score_Raw,Social_Score_Raw,Governance_Score_Raw,Data_Completeness_Pct,RI_Rating,RI_Numeric,Sust_Rating,Sust_Numeric,ROA,ROE,Log_Assets,Leverage,Net_Margin,ROA_Pct,ROE_Pct,Net_Income_NGN_m,Revenue_NGN_m,Total_Assets_NGN_m,Total_Equity_NGN_m,Total_Debt_NGN_m,EBITDA_NGN_m,Market_Cap_NGN_m,GHG_Scope1_tCO2e,GHG_Scope2_tCO2e,GHG_Scope3_tCO2e,GHG_Intensity,Energy_Consumed_GJ,Renewable_Energy_Pct,Water_Consumed_m3,Waste_Total_Tonnes,Waste_Recycled_Pct,Total_Employees,Female_Employees_Pct,Female_Board_Pct,Independent_Dir_Pct,Board_Size,Board_Meetings_pa,CEO_Chair_Separation,Anti_Corruption_Policy,GRI_Reporting,IFRS_S1_S2_Aligned,renewable_energy_flag,env_policy_flag,carbon_audit_flag,gri_302_flag,gri_305_flag,financial_inclusion_flag,gender_award_flag,ungc_signatory,nsbp_signatory,human_rights_policy_flag,board_eval_flag,sustainability_assurance,code_of_conduct_flag,anti_corruption_flag,data_privacy_flag,iso_certified
AIICO Insurance,2020,AIICO Insurance Plc,Banking & Finance,Composite Insurance,AIICO,2020,Annual Report,AIICO_2020.pdf,30.75,C,40.7,28.57,11.33,46.95,63.2,,,,,2.43,14.67,12.18757567,0,7.68,2.43,14.67,4764.596,61979.667,196334.608,32478.585,0,,,,,,,,,,,,565,,11.1,11.1,9,4,1,1,0,0,0,1,0,0,0,0,0,0,0,0,1,0,1,0,0,1
AIICO Insurance,2021,AIICO Insurance Plc,Banking & Finance,General and Life Insurance,AIICO,2021,Annual Report,AIICO_2021.pdf,29.31,D,38.2,14.29,20.31,47.34,64.9,,,,,2.21,12.81,12.31214673,0.873142276,6.96,2.21,12.81,4916.01,70655.05,222380.85,38374.25,33506.18,,,,,,,,,,,,,,11.11,11.11,9,5,1,1,0,0,0,1,0,0,0,0,0,0,0,0,1,0,1,1,0,1
AIICO Insurance,2022,AIICO Insurance Plc,Banking & Finance,Insurance,AIICO,2022,Annual Report,AIICO_2022.pdf,22.97,D,24.1,14.29,18.4,32.92,66.7,,,,,2.79,16.94,12.50739694,0.510963067,8.56,2.79,16.94,7552.836,88275.92,270329.52,44585.606,22781.598,,21597.11,,,,,,,,,,1452,,12.5,12.5,8,6,1,0,0,0,0,1,0,0,0,0,0,0,0,0,0,0,1,0,0,1
AIICO Insurance,2023,AIICO Insurance Plc,Banking & Finance,Insurance,AIICO,2023,Annual Report,AIICO_2023.pdf,25.15,D,27.4,14.29,11.2,43.75,61.4,,,,,4.07,23.33,12.55830752,0.609821068,10.58,4.07,23.33,11571.055,109379.11,284448.506,49591.268,30241.8,,27820.01,,,,,,,,,,362,,11.11,11.11,9,,1,1,0,0,0,1,0,0,0,0,0,0,0,0,0,0,1,0,0,0
AIICO Insurance,2024,AIICO Insurance Plc,Banking & Finance,General Insurance / Life Insurance,AIICO,2024,Annual Report,AIICO_2024.pdf,28.72,D,35.7,14.29,22.3,44.35,63.2,,,,,3.63,22.48,12.93935774,0.789787986,13.95,3.63,22.48,15100.49,108238.93,416381.73,67157.96,53040.55,,52345.54,,,,,,,,,,493,,20,20,10,7,1,1,0,0,0,1,0,0,0,0,0,0,0,0,0,0,1,0,0,0
AXA Mansard Insurance,2020,AXA Mansard Insurance Plc,Banking & Finance,Insurance,,2020,Annual Report,AXAMansard_2020.pdf,31.54,C,41.5,14.29,27.99,47.15,64.9,Below Average,2,,,4.81,13.38,11.45571703,0.088217673,9.54,4.81,13.38,4540.337,47583.434,94439.72,33942.87,2994.361,,,,,,,,,,,,282,43,12.5,12.5,8,4,1,1,0,0,0,1,0,0,0,0,0,0,0,0,1,0,1,0,0,0
AXA Mansard Insurance,2021,AXA Mansard Insurance Plc,Banking & Finance,Composite Insurance,,2021,Annual Report,AXAMansard_2021.pdf,33.04,C,44.4,14.29,18.65,57.91,64.9,Below Average,2,,,3.59,12.42,11.55276751,0.081608099,6.2,3.59,12.42,3735.165,60197.851,104064.639,30072.297,2454.143,,,,,,,,,,,,271,47,12.5,25,8,4,1,1,0,0,0,1,0,0,0,0,0,0,0,0,1,0,1,0,1,1
AXA Mansard Insurance,2023,AXA Mansard Insurance Plc,Banking & Finance,Insurance,,2023,Annual Report,AXAMansard_2023.pdf,39.23,C,52.3,28.57,31.16,53.27,63.2,Below Average,2,,,8.54,32.79,11.85742881,0.143071028,13.82,8.54,32.79,12048.664,87203.623,141128.882,36748.67,5257.67,,,,,,,,,,,,372,44,30,10,10,4,1,1,0,0,0,1,0,0,0,1,0,0,0,0,1,0,1,0,1,0
AXA Mansard Insurance,2024,AXA Mansard Insurance Plc,Banking & Finance,Composite Insurance (Life & Non-Life),,2024,Annual Report,AXAMansard_2024.pdf,41.06,C,56.4,42.86,20.7,54.98,63.2,Below Average,2,,,13.41,55.11,12.17359542,0.18898933,18.74,13.41,55.11,25965,138549.1,193608.9,47114.3,8904.1,,,,,,,,,,,,366,47,50,10,10,4,1,1,0,0,1,1,0,0,0,0,0,0,0,0,1,0,1,0,1,0
Access Bank,2020,Access Bank Plc,Banking & Finance,Commercial Banking,,2020,Annual Report,AccessBank_2020.pdf,34.97,C,46.5,0,47.7,51.65,38.6,,,Medium (20-30),3,1.22,14.12,15.97650302,1.279044677,13.86,1.22,14.12,106009.69,764717.44,8679747.72,751041.24,960615.3,163450.45,300357.16,,,,,,,,,,6781,43,35.3,29.4,17,7,1,1,0,0,,,,,,,,,,,,,,,,
Access Bank,2021,Access Bank Plc,Banking & Finance,Commercial Banking,ACCESS,2021,Annual Report,AccessBank_2021.pdf,62.99,A,87.1,50,78.44,61.15,40.4,,,Medium (20-30),3,1.37,15.26,16.27782772,1.464488161,16.48,1.37,15.26,160215.536,971885.338,11731964.93,1050028.723,1537754.634,,330570.6,,,,,,,,,,6875,44,35.29,23.53,17,8,1,1,1,0,,,,,,,,,,,,,,,,
Access Bank,2022,Access Holdings Plc,Banking & Finance,Commercial Banking,,2022,Annual Report,AccessBank_2022.pdf,48.65,B,71.4,28.57,62.07,53.65,66.7,,,Medium (20-30),3,1.01,12.36,16.52345409,1.378345302,10.97,1.01,12.36,152202,1387911,14998400,1231391,1697282,,,,,,,,,,,,27,44.44,30,30,10,8,1,1,0,0,1,0,0,0,0,1,0,0,1,0,0,0,1,0,1,0
Access Bank,2023,Access Holdings Plc,Banking & Finance,Financial Holding Company,,2023,Annual Report,AccessBank_2023.pdf,53.99,B,77.2,42.86,50.65,64.84,68.4,,,Medium (20-30),3,2.32,28.34,17.09975572,1.027371463,23.87,2.32,28.34,619324,2594738,26688831,2185634,2245458,842319,823023.6,,,,,,,,,,27360,49,33.3,22.2,9,6,1,1,0,0,1,0,0,0,0,1,0,0,1,0,1,0,1,1,1,0
Access Bank,2024,Access Holdings Plc,Banking & Finance,Financial Services,ACCESS,2024,Annual Report,AccessBank_2024.pdf,49.59,B,71.8,44.43,30.38,67.86,68.4,,,Medium (20-30),3,1.55,17.08,17.54115615,0.902082827,13.17,1.55,17.08,642217,4878176,41498015,3760178,3391992,,1271370.91,59178.6,,,,,,,,,8939,,33.3,22.2,9,13,1,1,0,1,1,0,0,0,0,1,0,0,0,0,1,0,1,1,1,0
Airtel Africa,2020,Airtel Africa plc,Telecoms & Technology,Telecommunications,AAF,2020,Annual Report,AirtelAfrica_2020.pdf,51.29,B,74.3,42.86,38.65,67.09,63.2,,,,,4.38,12.44,16.45367463,1.304175556,11.92,4.38,12.44,612000,5133000,13987500,4921500,6418500,2272500,,,,,,,,,,,3363,27.4,18.2,54.5,11,9,1,1,0,0,1,1,0,0,0,1,0,0,0,0,1,0,1,1,1,1
Airtel Africa,2021,Airtel Africa plc,Telecoms & Technology,Telecommunications and Mobile Money Services,AAF,2021,Annual Report,AirtelAfrica_2021.pdf,63.13,A,87.6,57.14,58.24,71.28,64.9,,,,,4.15,12.37,16.19281529,1.377233806,10.62,4.15,12.37,447405,4211310,10775820,3617425,4982040,1932936,,,,,,,,,,,3525,26,27.3,54.5,11,5,1,1,1,0,1,1,0,0,0,1,0,0,0,0,1,0,1,1,1,1
Airtel Africa,2022,Airtel Africa plc,Telecoms & Technology,Telecommunications,AAF,2022,Annual Report,AirtelAfrica_2022.pdf,51.92,B,75.1,28.57,54.78,67.28,64.9,,,,,7.28,20.7,16.55931393,1.077555495,16.02,7.28,20.7,1132500,7071000,15546000,5473500,5898000,3466500,,,,,,,,,,,3757,26,30.8,53.8,13,7,1,1,0,0,0,1,0,0,0,1,0,0,0,0,1,0,1,1,1,1
Airtel Africa,2023,Airtel Africa plc,Telecoms & Technology,Telecommunications,AAF,2023,Annual Report,AirtelAfrica_2023.pdf,65.14,A,89.6,66.47,54.78,71.9,68.4,,,,,6.72,19.7,16.63384911,1.109506303,14.27,6.72,19.7,1125000,7882500,16749000,5712000,6337500,3862500,,67266,47577,,,,,,,,4013,26,30.77,53.85,13,6,1,1,1,0,1,1,0,0,0,1,0,0,0,0,1,0,1,1,1,1
Airtel Africa,2024,Airtel Africa plc,Telecoms & Technology,Telecommunications,,2024,Annual Report,AirtelAfrica_2024.pdf,71.67,A,95.9,69.81,66.86,76.66,70.2,,,,,-0.9,-3.87,16.50956325,1.94,-1.79,-0.9,-3.87,-133500,7468500,14791500,3450000,6693000,3642000,,82871,45632,,,880050,,,,,4132,28.3,27.3,54.5,11,6,1,1,1,0,1,1,0,0,0,1,0,1,0,1,1,0,1,1,1,1
Aradel Holdings,2022,Aradel Holdings Plc,Oil & Gas,Integrated Oil and Gas,,2022,Annual Report,Aradelplc_2022.pdf,45.72,B,63.5,37.5,35.87,59.26,71.9,,,,,3.2,4.63,13.06765698,0.164484955,22.9,3.2,4.63,15140.43,66109.48,473381.54,326765.63,53748.03,41188,,,,,,,,0,,,216,12.04,11.11,11.11,9,10,1,1,0,0,1,1,0,0,0,0,0,0,0,0,1,0,1,1,1,1
Aradel Holdings,2023,Aradel Holdings Plc,Oil & Gas,Integrated Oil & Gas,ARADEL,2023,Annual Report,Aradelplc_2023.pdf,46.84,B,67.2,42.86,28.1,63.87,68.4,,,,,5.82,7.63,13.73585522,0.087947742,24.3,5.82,7.63,53737.7,221142.38,923434.56,704644.58,61971.9,129342.55,236567.18,,,,,,,,,,241,,11.11,11.11,9,9,1,1,0,0,1,1,0,0,0,0,0,0,0,0,1,0,1,1,1,1
Aradel Holdings,2024,Aradel Holdings Plc,Oil & Gas,Oil & Gas (Integrated),,2024,Annual Report,Aradelplc_2024.pdf,42.97,C,58.5,28.57,21.98,69.52,68.4,,,,,14.81,18.45,14.37503241,0.068655072,44.58,14.81,18.45,259072.447,581151.376,1749835.623,1404109.963,96399.27,372040.22,,,,,,,,,,,268,,20,10,10,9,1,1,0,1,1,0,0,0,0,0,0,0,0,0,1,0,1,1,1,1
Ardova,2020,Ardova Plc,Oil & Gas,Downstream Oil and Gas,,2020,Annual Report,Ardovaplc_2020.pdf,17.65,D,7.9,14.29,11.21,25,61.4,,,,,3.31,11.32,11.04200462,0.350821539,1.14,3.31,11.32,2063.43,181664.47,62442.7,18226.76,6394.34,5591.39,,,,,,,,,,,146,,16.67,33.33,6,4,1,0,0,0,1,0,0,0,0,0,0,0,0,0,1,0,1,0,0,0
Ardova,2021,Ardova Plc,Oil & Gas,Integrated Energy / Petroleum Marketing,ARDOVA,2021,Annual Report,Ardovaplc_2021.pdf,19.56,D,11.6,14.29,11.12,29.86,61.4,,,,,1.51,7.89,11.53495493,1.26985534,0.8,1.51,7.89,1539.906,192474.127,102227.391,19517.646,24784.587,2522.891,,,,,,,,,,,169,,16.67,33.33,6,,1,1,0,0,1,0,0,0,0,0,0,0,0,0,0,0,0,0,0,0
Ardova,2022,Ardova Plc,Oil & Gas,Downstream Petroleum Marketing,,2022,Annual Report,Ardovaplc_2022.pdf,19.54,D,11.2,14.29,11.13,29.79,61.4,,,,,-5.15,-66.14,11.79241386,4.701794973,-2.92,-5.15,-66.14,-6809.353,233219.055,132245.306,10294.528,48402.76,2324.991,,,,,,,,,,,168,,16.67,33.33,6,,1,1,0,0,1,0,0,0,0,0,0,0,0,0,0,0,0,0,0,0
Ardova,2023,Ardova Plc,Oil & Gas,Integrated Energy,,2023,Annual Report,Ardovaplc_2023.pdf,14.99,F,4.6,14.29,12.5,17.38,57.9,,,,,-0.178,,11.94905875,,-0.097,-0.178,,-275.363,283291.064,154671.493,,43213.879,,,,,,,,,,,,,,40,40,5,,1,0,0,0,1,0,0,0,0,0,0,0,0,0,0,0,0,0,0,0
Ardova,2024,Ardova Plc,Oil & Gas,Petroleum Products Marketing and Distribution,ARDOVA,2024,Annual Report,Ardovaplc_2024.pdf,20.19,D,14.1,14.29,20,24.76,61.4,,,,,,12.56,,0.502559737,1.34,,12.56,9187.214,688153.697,,78313.898,39357.412,,,,,,,,,,,,,,28.57,,7,,1,0,0,0,1,0,0,0,0,0,0,0,0,0,0,0,0,0,0,0
BUA Cement,2020,BUA Cement Plc,Industrial Goods,Cement Manufacturing,BUACEMENT,2020,Annual Report,BUACement_2020.pdf,26.28,D,31.5,14.29,12.02,45.98,61.4,Poor,1,,,9.44,19.24,13.54933238,0.71629088,34.54,9.44,19.24,72344.336,209443.487,766302.578,375954.728,269292.943,96800,,,,,504,,,,,,1001,,12.5,25,8,6,1,1,0,0,1,0,0,0,0,0,0,0,0,0,1,0,1,0,0,0
BUA Cement,2021,BUA Cement Plc,Industrial Goods,Cement,BUACEMENT,2021,Annual Report,BUACement_2021.pdf,31.68,C,41.9,28.57,12.12,48.68,63.2,Poor,1,,,12.37,22.63,13.4987532,0.494947838,35.01,12.37,22.63,90079,257327.1,728507.5,398116.7,197047,120100,,,,,447,,,,,,1091,,12.5,25,8,6,1,0,0,0,1,0,0,0,0,0,0,0,0,0,1,0,1,0,1,0
BUA Cement,2022,BUA Cement Plc,Industrial Goods,Cement,BUACEMENT,2022,Annual Report,BUACement_2022.pdf,50.73,B,73.4,65.39,22.98,60.55,64.9,Poor,1,,,11.56,24.57,13.68084925,0.656224019,27.98,11.56,24.57,101010.63,360989.11,874011.88,411112.55,269781.93,154500,,4240000,1599,,644,,,,,,,,12.5,25,8,,1,1,0,1,1,1,0,0,0,0,0,0,0,0,1,0,1,0,0,0
BUA Cement,2023,BUA Cement Plc,Industrial Goods,Cement,BUACEMENT,2023,Annual Report,BUACement_2023.pdf,47.66,B,68.9,52.25,20.52,64.58,78.9,Poor,1,,,5.71,18.03,14.0108194,1.381744992,15.1,5.71,18.03,69454.75,459999,1215686.38,385224.15,532281.54,169000,3284842.34,5100000,1700,,650,26984000,0,910000,4840,50.3,1257,,22.22,33.33,9,5,1,1,0,0,1,1,0,0,0,0,0,0,0,0,1,0,1,1,1,0
BUA Cement,2024,BUA Cement Plc,Industrial Goods,Cement,BUACEMENT,2024,Annual Report,BUACement_2024.pdf,47.92,B,70.1,51.82,15.15,69.58,78.9,Poor,1,,,4.71,19.02,14.26681027,1.489855134,8.43,4.71,19.02,73909.24,876469.85,1570351.87,388548.24,578880.59,268600,3150000,6480000,1700,,,34291000,0,1040000,24310,98,1618,,22.22,33.33,9,5,1,1,0,1,1,1,0,0,0,0,0,0,0,0,1,0,1,1,1,0
BUA Foods,2021,BUA Foods Plc,Consumer Goods,Food Products,BUAFOODS,2021,Annual Report,BUAfoodsplc_2021.pdf,31.7,C,42.3,25.28,17.79,46.95,66.7,,,,,11.76,34.76,13.29374113,1.225840009,20.93,11.76,34.76,69768.085,333272.234,593469.515,200718.673,246048.98,86600,720000,,,,,,,,,90,2000,,11.11,11.11,9,4,1,1,0,0,1,1,0,0,0,0,0,0,0,0,1,0,1,0,0,1
BUA Foods,2022,BUA Foods Plc,Consumer Goods,Food Processing,BUAFOODS,2022,Annual Report,BUAfoodsplc_2022.pdf,36.68,C,48.5,28.57,30.06,47.72,64.9,,,,,15,39.6,13.31665407,0.9164781,21.8,15,39.6,91344.02,418347.77,607224.63,230961.34,211671.01,125900,1170000,,,,191,,,,,,2107,,11.11,11.11,9,6,1,1,0,0,1,1,0,0,0,0,0,0,0,0,1,0,1,0,0,0
BUA Foods,2023,BUA Foods Plc,Consumer Goods,Food Manufacturing,BUAFOODS,2023,Annual Report,BUAfoodsplc_2023.pdf,51.8,B,74.7,49.78,25.68,72.92,70.2,,,,,10.47,42.78,13.88358021,2.484468239,15.37,10.47,42.78,112097.5,729443.36,1070439.86,262058.83,651076.84,215663.56,3481200,,,,245,,,2385287,,,2965,7,12.5,12.5,8,6,1,1,1,1,1,1,0,0,0,0,0,0,0,1,1,0,1,0,1,1
BUA Foods,2024,BUA Foods Plc,Consumer Goods,Food Manufacturing,BUAFOODS,2024,Annual Report,BUAfoodsplc_2024.pdf,53.81,B,76.8,55.34,40.13,62.92,68.4,,,,,17.3524,61.99,13.90672531,0.913303476,17.41,24.28,61.99,265997.81,1527919.07,1095504.24,429056.65,391858.93,481710,7470000,,,,0.135,,,2406952,882,,3566,,12.5,12.5,8,6,1,1,1,1,1,1,0,0,0,0,0,0,0,0,1,0,1,0,0,1
Beta Glass,2020,Beta Glass Plc,Industrial Goods,Glass Manufacturing,BETAGLAS,2020,Annual Report,BETAGLASSPLC_2020.pdf,23.39,D,25.3,0.2,10.37,50.56,66.7,,,,,6.42,9.32,10.89606558,0.110807503,13.52,6.42,9.32,3466.67,25637.01,53963.63,37189.72,4120.9,7162.81,27698,,,,,,,,,65,679,,42.86,28.57,7,4,1,1,0,0,0,0,0,0,0,0,0,0,0,0,0,0,1,1,0,0
Beta Glass,2021,Beta Glass Plc,Industrial Goods,Glass Manufacturing,BETAGLAS,2021,Annual Report,BETAGLASSPLC_2021.pdf,25.92,D,29.5,0.2,18.25,50.97,68.4,,,,,8.65,12.96,11.0526727,0.114634839,14.76,8.65,12.96,5457.67,36982.82,63112.41,42127.42,4829.27,11120.66,26473,,,,,,,,,65,727,,44.44,33.33,9,4,1,1,0,0,0,0,0,0,0,0,0,0,0,0,0,0,1,1,0,0
Beta Glass,2022,Beta Glass Plc,Industrial Goods,Glass Manufacturing,BETAGLAS,2022,Annual Report,BETAGLASSPLC_2022.pdf,20.65,D,16.6,0.14,11.2,43.13,63.2,,,,,6.17,10.13,11.23775875,0.207462278,8.62,6.17,10.13,4685.41,54340.36,75944.55,46263.35,9597.9,11788.23,23759,,,,,,,,,44,745,,44.44,33.33,9,4,1,1,0,0,0,0,0,0,0,0,0,0,0,0,0,0,1,1,0,0
Beta Glass,2023,Beta Glass Plc,Industrial Goods,Glass Manufacturing,BETAGLASS,2023,Annual Report,BETAGLASSPLC_2023.pdf,25.55,D,28.2,0.12,11.15,55.41,64.9,,,,,6.03,12.39,11.57919902,0.473943278,10.24,6.03,12.39,6442.223,62905.451,106851.898,52005.006,24647.423,11897.399,35638,,,,,,,,,38,793,,40,30,10,4,1,1,0,0,0,0,0,0,0,0,0,0,0,0,0,0,1,1,0,1
Beta Glass,2024,Beta Glass Plc,Industrial Goods,Glass Manufacturing,BETAGLAS,2024,Annual Report,BETAGLASSPLC_2024.pdf,12.68,F,2.5,0,0,31.71,59.6,,,,,10.14,21.03,11.80821999,0.415343867,11.59,10.14,21.03,13626.83,117580.18,134352.2,64791.88,26910.91,29160.21,,,,,,,,,,,802,,36.36,36.36,11,,1,0,0,0,0,0,0,0,0,0,0,0,0,0,0,0,1,0,0,0
CWG,2020,CWG Plc,Telecoms & Technology,Technology Services,,2020,Annual Report,CWGplc_2020.pdf,21.96,D,20.7,14.29,22.22,27.53,61.4,Below Average,2,,,5.5,79.1,8.993719874,0.472670865,3.78,5.5,79.1,443.154,11715.819,8052.355,560.208,264.794,,,,,,,,,,,,350,,0,,6,6,1,0,0,0,0,1,0,0,0,1,0,0,0,0,0,0,0,0,0,0
CWG,2021,CWG Plc,Industrial Goods,Technology Services,CWG,2021,Annual Report,CWGplc_2021.pdf,20.9,D,18.3,14.29,12.5,32.17,61.4,Below Average,2,,,5.34,42.51,9.03796479,0.143113767,3.84,5.34,42.51,449.64,11708.78,8416.63,1057.69,151.37,655.12,,,,,,,,,,,529,,0,16.67,6,6,1,1,0,0,0,1,0,0,0,0,0,0,0,0,0,0,0,0,0,0
CWG,2022,CWG Plc,Telecoms & Technology,ICT Services,CWG,2022,Annual Report,CWGplc_2022.pdf,17.09,D,5.8,0,20.02,27.72,64.9,Below Average,2,,,3.28,32.39,9.584179269,1.253755274,3.36,3.28,32.39,476.8,14206.74,14533.03,1471.93,1845.44,972.62,,,,,,,,,,,350,,11.11,11.11,9,6,1,0,0,0,0,0,0,0,0,0,0,0,0,0,0,0,0,0,0,0
CWG,2023,CWG Plc,Industrial Goods,IT Services & Consulting,CWGPLC,2023,Annual Report,CWGplc_2023.pdf,18.71,D,9.1,14.29,11.13,27.72,63.2,Below Average,2,,,3.23,25.68,9.787812862,1.071307722,2.45,3.23,25.68,576.084,23529.216,17815.299,2243.642,2403.631,,,,,,,,,,,,372,,11.11,11.11,9,6,1,0,0,0,0,1,0,0,0,0,0,0,0,0,0,0,0,0,0,0
CWG,2024,CWG Plc,Industrial Goods,Information and Communications Technology Services,,2024,Annual Report,CWGplc_2024.pdf,14.52,F,3.7,0,11.12,27.96,61.4,Below Average,2,,,10.17,45.93,10.30717184,0.303453545,6.57,10.17,45.93,3044.06,46353.452,29946.623,6628.059,2011.308,4815,,,,,,,,,,,833,,11.1,11.1,9,,1,0,0,0,0,0,0,0,0,0,0,0,0,0,0,0,0,0,0,0
Cadbury Nigeria,2020,Cadbury Nigeria Plc,Consumer Goods,Food & Beverage,,2020,Annual Report,Cadburyplc_2020.pdf,29.43,D,38.6,0,22.55,56.67,63.2,,,,,2.81,6.88,10.41062679,0.254674704,2.63,2.81,6.88,931.83,35407.32,33210.68,13549.52,3450.72,1877.35,16903.82,,,,,,,,,,,,50,37.5,8,4,1,1,0,0,0,0,0,0,0,0,0,0,0,0,1,0,1,1,0,0
Cadbury Nigeria,2021,Cadbury Nigeria Plc,Consumer Goods,Food Products,,2021,Annual Report,Cadburyplc_2021.pdf,41.73,C,57.3,28.57,33.41,57.84,61.4,,,,,1.03,3.3,10.68483538,0.768559769,1.06,1.03,3.3,449.71,42372.03,43688.29,13636.35,10480.35,1854.36,16528.18,,,,,,,,,,497,,57.1,,7,4,1,1,0,0,0,1,0,0,0,0,0,0,0,0,1,0,1,1,0,0
Cadbury Nigeria,2022,Cadbury Nigeria Plc,Consumer Goods,Food & Beverage,CADBURY,2022,Annual Report,Cadburyplc_2022.pdf,25.78,D,29,14.29,11.11,45.4,63.2,,,,,0.976,4.382,10.99731649,1.793665131,1.056,0.976,4.382,583.111,55212.617,59713.684,13302.628,23860.46,1486.65,22350.603,,,,,,,,,,480,,50,16.7,6,4,1,0,0,0,0,1,0,0,0,0,0,0,0,0,1,0,1,0,0,0
Cadbury Nigeria,2023,Cadbury Nigeria Plc,Consumer Goods,Food & Beverage,,2023,Annual Report,Cadburyplc_2023.pdf,26.07,D,30.3,0,12.5,55.79,61.4,,,,,-27.9244,200.6575,11.0577083,-6.634469302,-23.75,-30.1,293.07,-19089.7,80378.96,63431.02,-6513.68,43214.81,9865.68,,,,,,,,,,,480,,50,16.7,6,5,1,1,0,0,0,0,0,0,0,0,0,0,0,0,1,0,1,0,0,0
Cadbury Nigeria,2024,Cadbury Nigeria Plc,Consumer Goods,Food and Beverage,CADBURY,2024,Annual Report,Cadburyplc_2024.pdf,27.55,D,34,0,12.5,59.51,59.6,,,,,-27.9244,-231.932,11.19056836,7.492485488,-17.21,-30.68,-507.5,-22224.942,129165.095,72443.944,4379.193,32811.04,,49026.119,,,,,,,,,,459,,62.5,12.5,8,5,1,1,0,0,0,0,0,0,0,0,0,0,0,0,1,0,1,0,0,1
Champion Breweries,2020,Champion Breweries Plc,Consumer Goods,Brewing,,2020,Annual Report,CHAMPIONBREWPLC_2020.pdf,17.4,D,7.5,0,11.39,34.95,59.6,,,,,1.397,1.974,9.338603147,,2.253,1.397,1.974,158.793,7051.806,11368.517,8042.994,,1508.781,,,,,,,,,,,142,,18.18,,11,,1,0,0,0,0,0,0,0,0,0,0,0,0,0,0,0,1,0,0,0
Champion Breweries,2021,Champion Breweries Plc,Consumer Goods,Brewing,CHAMPION,2021,Annual Report,CHAMPIONBREWPLC_2021.pdf,19.26,D,10.4,14.29,12.5,28.07,59.6,,,,,7.3,10.68,9.509467821,,9.36,7.3,10.68,984.233,10518.497,13486.815,9219.643,,,,,,,,,,,,,142,,9.09,9.09,11,4,1,0,0,0,1,0,0,0,0,0,0,0,0,0,0,0,1,0,0,0
Champion Breweries,2022,Champion Breweries Plc,Consumer Goods,Brewing,,2022,Annual Report,CHAMPIONBREWPLC_2022.pdf,17.16,D,6.4,0,11.44,34.32,59.6,,,,,10.26,14.26,9.645596294,,12.91,10.26,14.26,1585.978,12288.893,15453.585,11119.384,,,,,,,,,,,,,143,,11.1,,9,,1,0,0,0,0,0,0,0,0,0,0,0,0,0,0,0,1,0,0,0
Champion Breweries,2023,Champion Breweries Plc,Consumer Goods,Brewing,,2023,Annual Report,CHAMPIONBREWPLC_2023.pdf,20.53,D,15.8,14.29,11.26,32.18,63.2,,,,,1.8,3.31,9.930766038,0.120234841,2.92,1.8,3.31,370.563,12704.274,20553.079,11195.299,1346.065,2632.086,32492,,,,,,,,,,143,,10,10,10,5,1,0,0,0,1,0,0,0,0,0,0,0,0,0,0,0,1,0,0,0
Champion Breweries,2024,Champion Breweries Plc,Consumer Goods,Brewing,CHAMPION,2024,Annual Report,CHAMPIONBREWPLC_2024.pdf,26.99,D,33.6,12.79,30.45,35.03,64.9,,,,,3.83,6.78,9.968582028,0,3.91,3.83,6.78,816.995,20890.735,21345.197,12056.086,0,1315,34091,,,,,,,,,93.5,163,,25,8.33,12,5,1,0,0,0,1,0,0,0,0,0,0,0,0,0,0,0,1,0,1,0
Chams,2020,Chams Plc,Telecoms & Technology,Digital Business Solutions / Payment & Identity Management,CHAMS,2020,Annual Report,Chamsholdco_2020.pdf,11.39,F,1.2,0,12.5,19.09,59.6,Poor,1,,,-9.76,-10.34,8.174715558,0.291471906,-16.39,-9.76,-10.34,-346.517,2111.288,3550.045,3350.045,976.444,-86.523,,,,,,,,,,,,,20,,10,7,1,0,0,0,0,0,0,0,0,0,0,0,0,0,0,0,0,0,0,0
Chams,2021,Chams Plc,Industrial Goods,Technology Solutions,,2021,Annual Report,Chamsholdco_2021.pdf,12.28,F,2.1,0,12.5,21.32,61.4,Poor,1,,,-3.04,-7.6,9.378000811,0.25866224,-10.82,-3.04,-7.6,-359.92,3324.75,11825.35,4734.63,1224.67,-357.42,,,,,,,,,,,5,,22.22,55.56,9,6,1,0,0,0,0,0,0,0,0,0,0,0,0,0,0,0,0,0,0,0
Chams,2022,Chams Holding Company Plc,Telecoms & Technology,Digital business solutions / Payment services,,2022,Annual Report,Chamsholdco_2022.pdf,17.19,D,7.1,0,12.5,33.59,61.4,Poor,1,,,-2.304,-3.971,9.698237945,0.171667926,-7.406,-2.304,-3.971,-375.24,5066.147,16288.88,9449.453,1622.168,-15.522,,,,,,,,,,,257,,20,20,10,5,1,1,0,0,0,0,0,0,0,0,0,0,0,0,0,0,0,0,0,1
Chams,2023,CHAMS HOLDING COMPANY PLC,Industrial Goods,Digital Business Solutions,,2023,Annual Report,Chamsholdco_2023.pdf,10.77,F,0.8,0,11.11,18.59,63.2,Poor,1,,,0.11,0.21,9.852167679,0.099603728,0.21,0.11,0.21,20.22,9645.967,18999.495,9667.349,962.904,370.501,,,,,,,,,,,,,20,20,10,5,1,0,0,0,0,0,0,0,0,0,0,0,0,0,0,0,0,0,0,0
Chams,2024,Chams Holding Company Plc,Telecoms & Technology,Digital Business Solutions / Technology,,2024,Annual Report,Chamsholdco_2024.pdf,13.48,F,3.3,0,12.5,24.33,59.6,Poor,1,,,1.92,3.91,9.922895102,0.273854125,2.64,1.92,3.91,391.054,14.841,20391.942,9993.324,2736.713,1330.424,,,,,,,,,,,19,,18.18,27.27,11,,1,0,0,0,0,0,0,0,0,0,0,0,0,0,0,0,0,0,0,0
Conoil,2020,Conoil Plc,Oil & Gas,Oil Marketing,CONOIL,2020,Annual Report,Conoilplc_2020.pdf,15.8,D,5,0,16.02,27.49,61.4,,,,,2.95,7.38,10.79680982,0.009719765,1.23,2.95,7.38,1440.185,117470.576,48864.665,19520.019,189.73,,12976.7,,,,,,,,,,192,25.5,9.1,,11,4,1,1,0,0,0,0,0,0,0,0,0,0,0,0,0,0,0,0,0,0
Conoil,2021,Conoil Plc,Oil & Gas,Oil Marketing,CONOIL,2021,Annual Report,Conoilplc_2021.pdf,20.75,D,17.4,0,11.24,43.44,61.4,,,,,5.71,14.15,10.89639382,0.337612683,2.43,5.71,14.15,3082.69,126726.356,53981.346,21789.368,7356.367,,,,,,,,,,,,197,,11.1,,9,4,1,1,0,0,0,0,0,0,0,0,0,0,0,0,0,0,1,1,0,0
Conoil,2022,Conoil Plc,Oil & Gas,Petroleum Marketing,CONOIL,2022,Annual Report,Conoilplc_2022.pdf,26.12,D,30.7,14.29,12.98,44.84,64.9,,,,,7.52,19.82,11.09603389,0.228105317,3.77,7.52,19.82,4957.726,131422.272,65909.238,25012.214,5705.419,7408.884,18389.73,,,,,,,,,,168,17.9,10,60,10,4,1,1,0,0,1,0,0,0,0,0,0,0,0,0,0,0,1,1,0,0
Conoil,2023,Conoil Plc,Oil & Gas,Petroleum Marketing,CONOIL,2023,Annual Report,Conoilplc_2023.pdf,20,D,13.3,0,11.84,41.11,64.9,,,,,10.12,29.78,11.48738175,0.965616645,4.9,10.12,29.78,9868.239,201387.053,97477.977,33145.573,32005.917,,58208.16,,,,,,,,,,164,12.2,9.09,0,11,4,1,1,0,0,0,0,0,0,0,0,0,0,0,0,0,0,1,1,0,0
Conoil,2024,Conoil Plc,Oil & Gas,Petroleum Marketing,CONOIL,2024,Annual Report,Conoilplc_2024.pdf,21.04,D,18.7,0,12.22,43.44,61.4,,,,,7.63,22.21,11.65226514,0.726128579,2.71,7.63,22.21,8773.534,323127.667,114951.45,39490.276,28675.018,,268700.1,,,,,,,,,,148,8.1,11.1,,9,4,1,1,0,0,0,0,0,0,0,0,0,0,0,0,0,0,1,1,0,0
Custodian Investment,2020,Custodian Investment Plc,Banking & Finance,"Investment Holding (Insurance, Pensions, Property)",,2020,Annual Report,Custodianplc_2020.pdf,36.18,C,47.3,0,46.97,55.23,64.9,Below Average,2,,,7.2,26.63,12.07912473,0.113801134,21.82,7.2,26.63,12687.5,58142.89,176155.91,47648.91,5422.5,,,,,,,,,,,,632,38.4,28.57,42.86,7,4,1,1,0,0,0,0,0,0,0,1,0,1,0,0,1,0,1,1,1,0
Custodian Investment,2021,Custodian Investment Plc,Banking & Finance,Insurance and Investment Holding,,2021,Annual Report,Custodianplc_2021.pdf,19.97,D,12.9,0,12.5,40.55,61.4,Below Average,2,,,5.45,18.24,12.12525047,0.045659367,11.73,5.45,18.24,10054.645,85740.334,184471.539,55117.299,2516.621,,,,,,,,,,,,224,,42.86,28.57,7,4,1,1,0,0,0,0,0,0,0,0,0,0,0,0,1,0,0,0,0,0
Custodian Investment,2022,Custodian Investment Plc,Banking & Finance,Investment Holding Company,,2022,Annual Report,Custodianplc_2022.pdf,19.71,D,12,0,12.5,39.91,61.4,Below Average,2,,,5.24,17.67,12.26997364,0.034496695,10.83,5.24,17.67,11161.97,103075.43,213197.37,63170.4,2179.17,,,,,,,,,,,,,,37.5,25,8,4,1,1,0,0,0,0,0,0,0,0,0,0,0,0,1,0,0,0,0,0
Custodian Investment,2023,Custodian Investment Plc,Banking & Finance,Insurance,CUSTODIAN,2023,Annual Report,Custodianplc_2023.pdf,35.44,C,46.9,14.29,37.46,49.79,64.9,Below Average,2,,,7.15,24.15,12.52458855,0.026353005,19.91,7.15,24.15,19677.353,98840.784,275017.097,81466.269,2146.881,26703.22,52936.78,,,,,,,,,,656,41,37.5,25,8,4,1,1,0,0,1,0,0,0,0,0,0,0,0,0,1,0,1,1,0,0
Custodian Investment,2024,Custodian Investment Plc,Banking & Finance,Investment Holding Company,,2024,Annual Report,Custodianplc_2024.pdf,28.39,D,35.3,14.29,12.5,50.89,61.4,Below Average,2,,,13.15,39.8,12.91729068,0.02512513,35.22,13.15,39.8,53543.345,152011.67,407294.048,134526.825,3380.004,,,,,,,,,,,,716,,44.44,33.33,9,4,1,1,0,0,1,0,0,0,0,0,0,0,0,0,1,0,1,1,0,0
Dangote Cement,2020,Dangote Cement Plc,Industrial Goods,Cement,DANGCEM,2020,Integrated Report,DangoteCementPlc_2020.pdf,70.99,A,95.4,83.73,54.25,74,77.2,Good,4,High (30-40),2,13.65,30.98,14.5198207,0.542229256,26.69,13.65,30.98,276068,1034196,2022451,890970,483110,478122,,16034409,,,,92515735,,6789816,,,18412,7.04,20,33.33,15,5,1,1,1,0,1,1,0,1,1,0,0,1,1,1,1,1,1,1,1,1
Dangote Cement,2021,Dangote Cement Plc,Industrial Goods,Cement,DANGCEM,2021,Integrated Report,DangoteCementPlc_2021.pdf,68.28,A,93.4,83.9,43.78,74.94,77.2,Good,4,High (30-40),2,15.23,37.05,14.68764834,0.574319207,26.34,15.23,37.05,364439,1383637,2392019,983669,564940,684595,4660578,19320000,,,0.66057,101355380,,8131204,16386,,19561,8.22,26.67,33.33,15,5,1,1,1,0,1,1,0,1,1,0,0,1,0,1,1,1,1,1,1,1
Dangote Cement,2022,Dangote Cement Plc,Industrial Goods,Cement,DANGOCEM,2022,Integrated Report,DangoteCementPlc_2022.pdf,69.1,A,94.2,78.57,58.52,69.94,78.9,Good,4,High (30-40),2,14.62,35.44,14.7770251,0.65502198,23.62,14.62,35.44,382311,1618323,2615655,1078947,706734,708238,4700000,17651998,327784,,0.000364,95786000,,6284600,11085,68,19112,9.1,26.67,33.33,15,5,1,1,1,0,1,1,0,1,1,0,0,1,1,1,1,1,1,1,1,0
Dangote Cement,2023,Dangote Cement Plc,Industrial Goods,Cement,DANGCEM,2023,Annual Report,DangoteCementPlc_2023.pdf,65.34,A,90,71.29,46.58,74.96,80.7,Good,4,High (30-40),2,11.57,26.4,15.18636762,0.561108793,20.63,11.57,26.4,455583,2208090,3938725,1725840,968384,886129,5400000,17400000,600000,,585,101530000,8.5,5985000,80100,,12051,9,27,33.3,15,5,1,1,1,0,1,1,0,1,1,0,0,1,0,1,1,1,1,1,1,0
Dangote Cement,2024,Dangote Cement Plc,Industrial Goods,Cement,DANGCEM,2024,Annual Report,DangoteCementPlc_2024.pdf,72.72,A,96.7,84.54,50.31,80.67,82.5,Good,4,High (30-40),2,7.86,23.13,15.67231436,1.154710849,14.05,7.86,23.13,503247,3580550,6403238,2175245,2511779,1382016,48020000,17761856,418370,,649,100445,,6251000,109599,,12155,9,28.6,42.9,14,5,1,1,1,0,1,1,0,1,1,0,0,1,0,1,1,1,1,1,1,1
Dangote Sugar,2020,Dangote Sugar Refinery Plc,Consumer Goods,Food & Beverage (Sugar Refining),DANGSUGAR,2020,Sustainability Report,DangoteSugarSR_2020.pdf,46.18,B,64.7,50.2,26.11,58.22,70.2,Good,4,,,10.71,23.88,12.5354929,0.009454926,13.9,10.71,23.88,29775.24,214297.75,278032.39,124711.71,1179.14,55405.98,213785.06,,,,,,,,,,2881,3.81,22.22,11.11,9,5,1,0,1,0,0,1,0,1,0,0,0,1,0,0,1,1,1,1,0,1
Dangote Sugar,2021,Dangote Sugar Refinery Plc,Consumer Goods,Sugar Refining,DANSUGAR,2021,Annual Report,DangoteSugar_2021.pdf,60.9,A,84.6,68.96,43.07,68.22,78.9,Good,4,,,6.13,17.14,12.79248551,0.007653589,7.99,6.13,17.14,22052.29,276054.78,359505.77,128631.15,984.49,48504,,322485,0,,368,5545086,,2316526,478.83,,2956,3,22.22,11.11,9,5,1,1,1,0,0,1,0,0,0,0,0,1,0,1,1,0,1,1,0,1
Dangote Sugar,2022,Dangote Sugar Refinery Plc,Consumer Goods,Sugar Refining,DANGSUGAR,2022,Sustainability Report,DangoteSugarSR_2022.pdf,60.95,A,85.1,70.8,42.34,67.51,80.7,Good,4,,,11.12,31.97,13.10711572,0.004527829,13.58,11.12,31.97,54742.134,403245.988,492434,171226,775.282,95457,194957.3,627574,27419,,,8594880,,6467950,711,,9041,9.7,13.3,11.1,15,5,1,1,1,0,1,1,0,0,0,0,0,1,0,0,1,0,1,1,0,1
Dangote Sugar,2023,Dangote Sugar Refinery Plc,Consumer Goods,Sugar Refining,DANSUGAR,2023,Annual Report,DangoteSugar_2023.pdf,69.83,A,95,80,46.15,79.96,78.9,Good,4,,,-12.28,-93.08,13.30600061,0.006707776,-16.71,-12.28,-93.08,-73760.308,441452.953,600789.925,79245.785,531.563,75309,,550200,0,,0.5502,6777387,38.2,137301600,563,,2956,,40,10,10,6,1,1,1,1,1,1,0,1,1,0,0,1,0,1,1,0,1,1,1,1
Dangote Sugar,2024,Dangote Sugar Refinery Plc,Consumer Goods,Sugar Refining,DANSUGAR,2024,Annual Report,DangoteSugar_2024.pdf,77.01,A,100,87.04,64.67,78.73,75.4,Good,4,,,-18.33,-90.77,13.86509346,0.689456654,-28.1327,-18.33,-90.77,-192616.8,665689.8,1050832.7,212227.7,146321.8,42982,,219772,2061,,393.09,4973205,19,2171448,405,,2978,,36.4,18.2,11,5,1,1,1,1,1,1,0,1,1,0,0,1,0,1,1,0,1,1,1,1
Ecobank,2020,Ecobank Transnational Incorporated,Banking & Finance,Commercial Banking,,2020,Annual Report,Ecobank_2020.pdf,47.25,B,67.6,42.86,53.82,45.62,63.2,,,,,0.4,0.3,,,,0.4,0.3,,,,,,,,,,,,,,,,,14023,46,28.6,35.7,14,6,1,1,0,0,1,1,0,0,0,1,0,1,0,0,0,0,1,0,1,0
Ecobank,2021,Ecobank Transnational Incorporated,Banking & Finance,Commercial Banking,ETI,2021,Annual Report,Ecobank_2021.pdf,43.33,C,59.8,28.57,48.89,50.23,64.9,,,,,1.3,11.3,17.53740617,,20.34,1.3,11.3,536049,2635071,41342689.5,3246459,,,215210,,,,,,,,,,13167,37,28.6,35.7,14,5,1,1,0,0,0,1,0,0,0,1,0,1,0,0,0,0,1,1,1,0
Ecobank,2022,Ecobank Transnational Incorporated,Banking & Finance,Commercial Banking,ETI,2022,Annual Report,Ecobank_2022.pdf,38.95,C,51.9,24.07,44.44,46,64.9,,,,,1.26,18.09,17.58841524,1.124013389,19.69,1.26,18.09,550036.5,2792695.5,43506253.5,3040522.5,3417588,,,,,,,,,,,,13175,,28.57,35.71,14,7,1,1,0,0,1,0,0,0,0,1,0,0,0,0,0,0,1,0,1,0
Ecobank,2023,Ecobank Transnational Incorporated,Banking & Finance,Commercial Banking,ETI,2023,Annual Report,Ecobank_2023.pdf,47.8,B,69.3,26.76,51.24,61,66.7,,,,,1.49,23.46,17.52530103,1.296997039,19.71,1.49,23.46,610384.5,3095499,40845247.5,2601682.5,3374374.5,,850500,,,,,,,,,,14982,,28.6,35.7,14,7,1,1,0,0,1,0,0,0,0,1,0,0,0,0,1,0,1,0,1,1
Ecobank,2024,Ecobank Transnational Incorporated,Banking & Finance,Commercial Banking,ETI,2024,Annual Report,Ecobank_2024.pdf,57.27,B,81.7,59.81,62.5,51.44,63.2,,,,,1.77,27.51,17.55157789,11.37818248,23.63,1.77,27.51,740445,3133677,41932758,2692203,30632377,,670500,,,,,,,,,,14560,,28.6,42.9,14,7,1,1,0,0,1,1,0,0,0,1,0,1,0,1,1,0,1,0,1,0
Eterna,2020,Eterna Plc,Oil & Gas,Downstream Oil & Gas,ETERNA,2020,Annual Report,EternaPlc_2020.pdf,23.52,D,26.1,14.29,11.19,39.69,63.2,Below Average,2,,,2.63,7.05,10.4847965,0.936349238,1.6,2.63,7.05,941.042,58715.576,35767.556,13348.921,12499.252,2264.251,,,,,,,,,,,82,,25,12.5,8,8,1,0,0,0,0,1,0,0,0,0,0,0,0,0,1,0,1,0,0,1
Eterna,2021,Eterna Plc,Oil & Gas,Oil and Gas Downstream,,2021,Annual Report,EternaPlc_2021.pdf,23.5,D,25.7,14.29,11.13,39.68,63.2,Below Average,2,,,-2.39,-9.08,10.73818421,1.742586707,-1.34,-2.39,-9.08,-1100.132,82197.987,46082.3,12118.333,21117.246,1699.844,,,,,,,,,,,92,,25,25,8,6,1,0,0,0,0,1,0,0,0,0,0,0,0,0,1,0,1,0,0,1
Eterna,2022,Eterna Plc,Oil & Gas,Downstream Oil Marketing,ETERNA,2022,Annual Report,EternaPlc_2022.pdf,22.01,D,21.2,14.29,20.02,29.29,64.9,Below Average,2,,,1.875,7.71,10.89657305,2.074785935,0.869,1.875,7.71,1012.252,116472.441,53991.022,13130.584,27243.151,3047.765,,,,,,,,,,,92,,25,25,8,5,1,0,0,0,0,1,0,0,0,0,0,0,0,0,0,0,1,0,0,1
Eterna,2023,Eterna Plc,Oil & Gas,Downstream Oil & Gas,ETERNA,2023,Annual Report,EternaPlc_2023.pdf,21.89,D,20.3,14.29,20.14,28.92,64.9,Below Average,2,,,-15.82,-231.932,10.9960868,12.34488056,-5.15,-15.82,-269.41,-9433.11,183282.14,59640.3,3501.85,43229.92,7947.4,,,,,,,,,,,85,,25,12.5,8,6,1,0,0,0,0,1,0,0,0,0,0,0,0,0,0,0,0,0,0,1
Eterna,2024,Eterna Plc,Oil & Gas,Oil & Gas,,2024,Annual Report,EternaPlc_2024.pdf,13.05,F,2.9,0,11.11,24.29,63.2,Below Average,2,,,2,27.8,11.11873852,11.00397897,0.43,2,27.8,1348.6,313615.9,67422.8,4850.5,53374.8,28945.5,,,,,,,,,,,145,,25,25,12,5,1,0,0,0,0,0,0,0,0,0,0,0,0,0,0,0,1,0,0,0
FCMB Group,2020,FCMB Group Plc,Banking & Finance,Financial Holding Company,FCMB,2020,Annual Report,FCMBBank_2020.pdf,33.82,C,45.2,14.29,40.03,43.8,68.4,Below Average,2,,,0.95,8.65,14.53743638,0.704408495,9.83,0.95,8.65,19610.45,199439.13,2058393.49,226740.65,159718.04,,,,,,,,,,,,3610,39,20,,10,5,1,0,0,0,0,1,0,0,0,1,0,0,1,0,1,0,1,0,0,1
FCMB Group,2021,FCMB Group Plc,Banking & Finance,Commercial Banking,FCMB,2021,Annual Report,FCMBBank_2021.pdf,39.77,C,53.9,42.86,29.78,44.95,66.7,Below Average,2,,,0.84,8.6,14.72907663,0.98344288,9.87,0.84,8.6,20916.73,212012.45,2493197.63,243224.66,239197.56,,,,,,,,,,,,3362,40.8,27.3,0,11,5,1,1,0,0,0,1,0,0,0,1,0,0,0,0,1,0,1,0,0,1
FCMB Group,2022,FCMB Group Plc,Banking & Finance,Financial Holding Company,FCMB,2022,Annual Report,FCMBBank_2022.pdf,44.22,C,61.4,42.86,38.02,49.9,64.9,Below Average,2,,,1.04,11.29,14.90845768,3.220118261,11,1.04,11.29,31128.69,282981.56,2983052.56,275879.61,888364.97,46145.99,,,,,,,,,,,3342,42.6,40,20,10,5,1,1,0,0,1,1,0,0,0,1,0,1,0,0,1,0,1,0,0,1
FCMB Group,2023,FCMB Group Plc,Banking & Finance,Financial Holding Company,FCMB,2023,Annual Report,FCMBBank_2023.pdf,43.36,C,60.2,28.57,37.59,58.79,64.9,Below Average,2,,,2.1,20.1,15.302531,0.295017267,18,2.1,20.1,93017.619,516355.14,4423894.628,462626.558,136482.823,115605.621,,,,,,,,,,,3554,41.2,30,20,10,5,1,1,0,0,1,1,0,0,0,1,0,1,0,0,1,0,1,0,1,1
FCMB Group,2024,FCMB Group Plc,Banking & Finance,Financial Holding Company,FCMB,2024,Annual Report,FCMBBank_2024.pdf,50.91,B,73.9,28.57,61.63,59.62,66.7,Below Average,2,,,1.04,10.66,15.76912891,0.522925761,9.23,1.04,10.66,73337.47,794430.08,7054165.92,688170.4,359862.03,125965.63,,,,,,,,,,,3796,42,40,20,10,5,1,1,1,0,1,0,0,0,0,1,0,1,1,0,1,0,1,0,1,1
Fidelity Bank,2020,Fidelity Bank Plc,Banking & Finance,Commercial Banking,,2020,Annual Report,FidelityBank_2020.pdf,46.11,B,64.3,14.29,65.88,55.16,68.4,Below Average,2,Medium (20-30),3,0.97,9.74,14.83007,7.165760621,12.92,0.97,9.74,26650,206204,2758148,273533,1960072,34261,,,,,,,,,,,2945,45.4,14.3,14.3,14,16,1,1,0,0,0,1,0,0,0,1,0,1,1,1,1,0,1,1,0,0
Fidelity Bank,2021,Fidelity Bank Plc,Banking & Finance,Commercial Banking,,2021,Annual Report,FidelityBank_2021.pdf,48.52,B,71,28.57,66.53,49.97,68.4,Below Average,2,Medium (20-30),3,1.08,11.95,15.00623975,8.373420336,14.19,1.08,11.95,35579,250774,3289479,297769,2493345,45317,,,,,,,,,,,2974,46,21.4,21.4,14,9,1,1,0,0,0,1,0,0,0,1,0,1,1,1,1,0,1,1,0,0
Fidelity Bank,2022,Fidelity Bank Plc,Banking & Finance,Commercial Banking,FIDELITYBK,2022,Annual Report,FidelityBank_2022.pdf,54.88,B,78.4,50,65.87,50.3,70.2,Below Average,2,Medium (20-30),3,1.17,14.87,15.19905339,9.040790813,13.86,1.17,14.87,46724,337050,3989009,314360,2842063,64836,90183.46,,,,,,,,9.2,,3038,48,21.43,21.43,14,10,1,1,0,0,1,1,0,0,0,1,0,1,1,1,1,0,1,1,0,0
Fidelity Bank,2023,Fidelity Bank Plc,Banking & Finance,Commercial Banking,,2023,Annual Report,FidelityBank_2023.pdf,67.62,A,92.1,57.14,79.6,66.49,64.9,Below Average,2,Medium (20-30),3,1.595,22.74,15.6456391,1.319503232,17.89,1.595,22.74,99454,555830,6234688,437307,577028,132603,,,,,,,,,,,3063,50.2,28.57,21.43,14,11,1,1,0,1,1,1,0,0,0,1,0,1,1,1,1,0,1,1,1,1
Fidelity Bank,2024,Fidelity Bank Plc,Banking & Finance,Commercial Banking,FIDELITYBK,2024,Annual Report,FidelityBank_2024.pdf,69.47,A,94.6,65.92,63.42,76.67,71.9,Below Average,2,Medium (20-30),3,3.15,30.97,15.99272935,7.647172098,26.65,3.15,30.97,278106,1043401,8821737,897874,6866197,,,12289.6,3083.24,6708.6,,,,55807086,,,3127,52,28.6,20,15,12,1,1,1,1,1,1,0,0,0,1,0,0,0,1,1,0,1,1,1,1
First Bank,2020,FBN Holdings Plc,Banking & Finance,Financial Holding Company,FBNH,2020,Annual Report,FirstBank_2020.pdf,64.25,A,89.2,57.14,59.94,72.82,63.2,Good,4,High (30-40),2,1.17,11.73,15.85530494,0.495946658,15.49,1.17,11.73,89730,579429,7689028,765171,379484,109096,256651.34,,,,,,,,,,8342,31,16.7,25,12,9,1,1,1,0,1,1,0,0,0,1,0,1,1,1,1,0,1,1,1,1
First Bank,2021,FBN Holdings Plc,Banking & Finance,Financial Holding Company,,2021,Annual Report,FirstBank_2021.pdf,58.48,B,83,42.86,56.35,71.79,66.7,Good,4,High (30-40),2,1.69,17.17,16.00519265,0.460648106,19.95,1.69,17.17,151079,757296,8932373,879856,405304,195200,409206.34,,,,,,,,,,8142,34.9,10,70,10,11,1,1,1,0,1,1,0,0,0,1,0,1,1,1,1,0,1,1,1,1
First Bank,2022,FBN Holdings Plc,Banking & Finance,Commercial Banking,FBNH,2022,Annual Report,FirstBank_2022.pdf,47.28,B,68,14.29,54.75,66.42,66.7,Good,4,High (30-40),2,1.29,13.68,16.17425951,0.678329003,16.92,1.29,13.68,136173,805128,10577710,995741,675440,185712,391258.69,,,,,,,,,,7972,32,9.1,63.6,11,8,1,1,1,0,1,0,0,0,0,1,0,1,1,1,1,0,1,1,0,1
First Bank,2023,FBN Holdings Plc,Banking & Finance,Financial Holding Company,,2023,Annual Report,FirstBank_2023.pdf,55.22,B,79.3,28.57,61.21,70.71,66.7,Good,4,High (30-40),2,1.83,17.77,16.64505152,0.715977083,19.45,1.83,17.77,310370,1595255,16937684,1747021,1250827,401404,845334.15,,,,,,,,,,8772,40,9.09,45.45,11,9,1,1,1,0,0,0,0,0,0,1,0,1,1,1,1,0,1,1,1,0
First Bank,2024,First HoldCo Plc,Banking & Finance,Commercial Banking,,2024,Annual Report,FirstBank_2024.pdf,55.2,B,78.8,14.29,75.25,70.85,64.9,Good,4,High (30-40),2,2.5,23.7,17.09356876,0.557841389,20.7,2.5,23.7,663490,3212649,26524218,2795334,1559353,857849,1006862.96,,,,,,,,,,9950,29,11.1,33.3,9,11,1,1,1,0,1,0,0,0,0,1,0,1,1,0,1,0,1,1,1,0
Flour Mills of Nigeria,2020,Flour Mills of Nigeria Plc,Consumer Goods,Food Processing,,2020,Annual Report,FMNplc_2020.pdf,37.42,C,49.8,14.29,41.34,51.83,66.7,Good,4,,,2.63,7.3,12.97723087,0.709603635,1.98,2.63,7.3,11376.74,573774.36,432453.84,155807.77,110561.76,55359.58,87133.37,,,,,,,,,,5027,,7.14,14.29,14,4,1,1,0,0,0,0,0,0,0,0,0,0,0,0,1,0,1,0,0,1
Flour Mills of Nigeria,2021,Flour Mills of Nigeria Plc,Consumer Goods,Food and Agro-Allied,FMN,2021,Annual Report,FMNplc_2021.pdf,43.46,C,61,14.29,46.72,62.91,64.9,Good,4,,,4.72,14.73,13.2080507,0.759841427,3.33,4.72,14.73,25716.923,771607.88,544732.813,174613.95,132678.913,76170.682,118091.347,,,,,,,,,,5083,,12.5,25,16,4,1,1,1,0,0,0,0,0,0,0,0,1,0,0,1,0,1,1,0,1
Flour Mills of Nigeria,2022,Flour Mills of Nigeria Plc,Consumer Goods,Food Processing,FMN,2022,Annual Report,FMNplc_2022.pdf,30.59,C,39.6,0,22.26,59.79,63.2,Good,4,,,4.2,14.3,13.41056303,0.83084011,2.41,4.2,14.3,28015.226,1163802.851,667011.809,195904.691,162765.475,111213.398,127317.234,,,,,,,,,,5190,,20,33.33,15,6,1,1,0,0,0,0,0,0,0,1,0,0,0,0,1,0,1,1,0,1
Flour Mills of Nigeria,2023,Flour Mills of Nigeria Plc,Consumer Goods,Food Processing,FMN,2023,Annual Report,FMNplc_2023.pdf,21.56,D,19.5,12.61,11.14,36.1,64.9,Good,4,,,2.69,13.1,13.90845101,1.698293941,1.92,2.69,13.1,29504.285,1539654.788,1097396.39,225224.887,382498.061,118131.395,,,,,,,,,,35,5919,,18.75,31.25,16,10,1,1,0,0,0,0,0,0,0,0,0,0,0,0,0,0,0,0,0,0
Flour Mills of Nigeria,2024,Flour Mills of Nigeria Plc,Consumer Goods,Food Processing,FMN,2024,Annual Report,FMNplc_2024.pdf,29.02,D,36.5,12.64,30.02,40.56,66.7,Good,4,,,0.24,1.52,14.21595626,1.703038103,0.15,0.24,1.52,3544.753,2291561.452,1492489.749,233650.447,397915.614,,159915.366,,,,,,,,,46,5404,,20,33.33,15,8,1,1,0,0,0,0,0,0,0,0,0,0,0,0,0,0,0,0,0,0
Geregu Power,2021,Geregu Power Plc,Industrial Goods,Electric Power Generation,,2021,Annual Report,Geregupowerplc_2021.pdf,9.41,F,0.4,0,0,23.53,56.1,Below Average,2,,,17.3524,34.29,11.6511324,0.154838695,28.96,17.9,34.29,20550.411,70956.864,114821.313,59938.635,9280.82,34141.258,,,,,,,,,,,128,,,,,,1,0,0,0,0,0,0,0,0,0,0,0,0,0,0,0,1,0,0,0
Geregu Power,2022,Geregu Power Plc,Industrial Goods,Electric Power Generation,GEREGU,2022,Annual Report,Geregupowerplc_2022.pdf,32.17,C,43.2,14.29,20.07,54.66,64.9,Below Average,2,,,5.84,20.72,12.06698528,1.538889569,21.36,5.84,20.72,10171.45,47619.37,174030.4,49103.27,75564.51,17383.01,,,,,,,,,,,130,,11.11,55.56,9,4,1,1,0,0,1,0,0,0,0,0,0,0,0,0,1,0,1,0,0,1
Geregu Power,2023,Geregu Power Plc,Industrial Goods,Electric Power Generation,GEREGU,2023,Annual Report,Geregupowerplc_2023.pdf,19.74,D,12.4,0,20.1,34.27,64.9,Below Average,2,,,8.82,35.55,12.11199572,1.409274143,19.36,8.82,35.55,16052.728,82908.807,182042.548,45153.908,63634.235,33482.395,,,,,,,,,,,129,,9.09,45.45,11,5,1,1,0,0,0,0,0,0,0,0,0,0,0,0,0,0,0,0,0,0
Geregu Power,2024,Geregu Power Plc,Industrial Goods,Electric Power Generation,GEREGU,2024,Annual Report,Geregupowerplc_2024.pdf,20.11,D,13.7,0,20.05,35.23,64.9,Below Average,2,,,11.27,52.17,12.40275074,1.25217122,20,11.27,52.17,27425.07,137126.53,243470.42,52564.92,65820.28,47920.86,2875000,,,,,,,,,,138,,10,60,10,5,1,1,0,0,0,0,0,0,0,0,0,0,0,0,0,0,0,0,0,0
Guinness Nigeria,2020,Guinness Nigeria Plc,Consumer Goods,Brewery,GUINNESS,2020,Annual Report,GuinnessNigeriaplc_2020.pdf,32.9,C,44,0,34.42,56.43,64.9,Good,4,,,-8.73,-17.22,11.87857905,0.316416943,-12.05,-8.73,-17.22,-12578.818,104376.015,144145.581,73038.14,23110.505,-1668.086,,,,,,,,,,,822,25.5,30.77,46.15,13,6,1,1,0,0,0,0,0,0,0,0,0,0,0,1,0,0,1,1,1,0
Guinness Nigeria,2021,Guinness Nigeria Plc,Consumer Goods,Brewing,GUINNESS,2021,Annual Report,GuinnessNigeriaplc_2021.pdf,40.34,C,54.8,25,22.22,65.43,64.9,Good,4,,,0.74,1.69,12.04005658,0.215289815,0.78,0.74,1.69,1255.338,160416.257,169406.525,74286.575,15993.143,17987.965,,,,,,,,,,4000,835,,23.08,46.15,13,5,1,1,0,0,0,0,0,0,0,0,0,0,0,1,1,0,1,1,1,0
Guinness Nigeria,2022,Guinness Nigeria Plc,Consumer Goods,Beverage/Alcohol,,2022,Annual Report,GuinnessNigeriaplc_2022.pdf,36.56,C,48.1,12.09,34.96,56.1,66.7,Good,4,,,7.26,17.4,12.2814593,0.347960755,7.57,7.26,17.4,15651.4,206822.1,215660.2,89979.4,31309.3,32343.9,,,,,,,,,17000,,791,28.3,33.3,50,12,4,1,1,0,0,0,0,0,0,0,0,0,0,0,1,0,0,1,1,1,0
Guinness Nigeria,2023,Guinness Nigeria Plc,Consumer Goods,Beverage,GUINNESS,2023,Annual Report,GuinnessNigeriaplc_2023.pdf,38.79,C,51.5,5.19,45.69,58.83,68.4,Good,4,,,-7.52,-32.2,12.39565172,1.129931225,-7.92,-7.52,-32.2,-18168.04,229440.86,241748.14,56424.62,63755.94,32770.26,,,,,,,,,,,791,32,41.7,50,12,4,1,1,0,0,0,0,0,0,0,0,0,0,0,1,0,0,1,1,1,0
Guinness Nigeria,2024,Guinness Nigeria Plc,Consumer Goods,Beverages,GUINNESS,2024,Annual Report,GuinnessNigeriaplc_2024.pdf,30.81,C,41.1,0,26.39,57.22,64.9,Good,4,,,-24.22,-231.932,12.32886569,14.11497173,-18.29,-24.22,-2533.62,-54766.78,299489.77,226130.08,2161.47,40132.9,35387.35,,,,,,,,,,,801,35,36.36,45.45,11,7,1,1,0,0,0,0,0,0,0,0,0,0,0,0,0,0,1,1,1,0
Honeywell Flour Mills,2020,Honeywell Flour Mills Plc,Consumer Goods,Food Processing,HONYFLOUR,2020,Annual Report,Honeywellplc_2020.pdf,20.72,D,17,0,12.02,42.77,64.9,,,,,0.457,1.135,11.86542073,1.017599145,0.808,0.457,1.135,650.492,80450.397,142261.292,57285.793,58293.974,9381.685,7771.59,,,,,,,,,,819,,9.09,27.27,11,4,1,1,0,0,0,0,0,0,0,0,0,0,0,0,0,0,1,1,0,0
Honeywell Flour Mills,2021,Honeywell Flour Mills Plc,Consumer Goods,Flour Milling,,2021,Annual Report,Honeywellplc_2021.pdf,20.58,D,16.2,0,11.23,43.01,63.2,,,,,0.7638,1.942,11.900869,1.043404733,1.027,0.7638,1.942,1125.864,109594.73,147394.656,57968.678,60484.793,9240.725,9357.63,,,,,,,,,,832,,10,30,10,4,1,1,0,0,0,0,0,0,0,0,0,0,0,0,0,0,1,1,0,0
Honeywell Flour Mills,2022,Honeywell Flour Mills Plc,Consumer Goods,Food Products,HONYFLOUR,2022,Annual Report,Honeywellplc_2022.pdf,20.2,D,14.5,0,11.12,42.15,63.2,,,,,-0.66,-1.74,11.91751792,1.095670775,-0.72,-0.66,-1.74,-983.812,136427.507,149869.159,56429.751,61828.429,5223.78,,,,,,,,,,,818,,12.5,12.5,8,4,1,1,0,0,0,0,0,0,0,0,0,0,0,0,0,0,1,1,0,0
Honeywell Flour Mills,2023,Honeywell Flour Mills Plc,Consumer Goods,Food Processing / Flour Milling,HONYFLOUR,2023,Annual Report,Honeywellplc_2023.pdf,19,D,10,0,20,32.49,64.9,,,,,0.155,0.777,12.01370061,2.31784759,0.174,0.155,0.777,256.113,147350.739,164999.977,32976.289,76434.012,6430.299,,,,,,,,,,,735,,12.5,12.5,8,5,1,1,0,0,0,0,0,0,0,0,0,0,0,0,0,0,0,0,0,0
Honeywell Flour Mills,2024,Honeywell Flour Mills Plc,Consumer Goods,Food Manufacturing,HONYFLOUR,2024,Annual Report,Honeywellplc_2024.pdf,16.88,D,5.4,0,12.5,32.84,61.4,,,,,-6.79,-44.27,11.91147302,1.506213787,-5.37,-6.79,-44.27,-10119.778,188311.035,148965.948,22856.511,34426.792,34276.077,30927.77,,,,,,,,,,461,,22.2,11.1,9,4,1,1,0,0,0,0,0,0,0,0,0,0,0,0,0,0,0,0,0,0
International Breweries,2020,International Breweries Plc,Consumer Goods,Brewing,,2020,Annual Report,Intlbrew_2020.pdf,19.51,D,10.8,0,11.71,40,59.6,Good,4,,,-3.32,-8.15,12.82838528,0.729348421,-9.04,-3.32,-8.15,-12365.082,136790.573,372646.406,151733.857,110666.849,8744.736,,,,,,,,,,,2082,,12.5,,16,,1,1,0,0,0,0,0,0,0,0,0,0,0,0,0,0,0,1,0,0
International Breweries,2021,International Breweries Plc,Consumer Goods,Brewing,INTBREW,2021,Annual Report,Intlbrew_2021.pdf,26.53,D,32,0,22.48,49.46,61.4,Good,4,,,-3.76,-13.05,13.06038843,1.365354595,-9.68,-3.76,-13.05,-17656.51,182298.045,469953.215,135303.901,184737.803,,,,,,,,,,,,1929,,20,,15,4,1,1,0,0,0,0,0,0,0,0,0,0,0,0,0,0,1,1,0,0
International Breweries,2022,International Breweries Plc,Consumer Goods,Breweries,,2022,Annual Report,Intlbrew_2022.pdf,26.02,D,29.9,0,22.5,48.16,63.2,Good,4,,,-4.47,-18.43,13.09036017,1.654167611,-9.89,-4.47,-18.43,-21626.29,218650.267,484251.74,117330.433,194084.202,16114.87,,,,,,,,,,,1533,,18.18,9.09,11,6,1,1,0,0,0,0,0,0,0,0,0,0,0,0,0,0,1,1,0,0
International Breweries,2023,International Breweries Plc,Consumer Goods,Brewing,INTBREW,2023,Annual Report,Intlbrew_2023.pdf,30.59,C,39.6,14.29,23.8,47.91,64.9,Good,4,,,-9.66,-60.68,13.49323353,3.243644235,-26.87,-9.66,-60.68,-70025.91,260598.23,724497.46,115407.04,374339.38,,,,,,,,,,,,1553,21,21.4,7.1,14,5,1,1,0,0,1,0,0,0,0,1,0,0,0,0,0,0,1,1,0,0
International Breweries,2024,International Breweries Plc,Consumer Goods,Brewing/Alcoholic Beverages,INTBREW,2024,Annual Report,Intlbrew_2024.pdf,29.05,D,36.9,0,22.42,55.81,61.4,Good,4,,,-15.61,-25.31,13.4978809,0,-23.24,-15.61,-25.31,-113614.9,488955.68,727872.3,448914.08,0,,,,,,,,,,,,1021,,25,16.7,12,,1,1,0,0,0,0,0,0,0,0,0,0,0,0,0,0,1,1,0,0
Jaiz Bank,2020,Jaiz Bank Plc,Banking & Finance,Non-Interest Banking,,2020,Annual Report,JaizBank_2020.pdf,48.08,B,70.5,42.86,54.28,47.36,64.9,Fair,3,,,1.24,16.27,12.36134918,10.66613263,14.8,1.24,16.27,2903.21,19613.94,233596.18,17845.05,190337.67,4152.95,,,,,,,,,,,609,24,6.67,13.33,15,6,1,1,1,0,1,1,0,0,0,1,0,1,1,1,1,0,1,0,0,0
Jaiz Bank,2021,Jaiz Bank Plc,Banking & Finance,Non-Interest (Islamic) Banking,JAIZBANK,2021,Annual Report,JaizBank_2021.pdf,47.64,B,68.5,25.07,57.16,57.42,66.7,Fair,3,,,1.54,17.69,12.53995432,5.28376185,16.64,1.54,17.69,4299.23,25843.36,279275.58,24305.17,128422.73,5673.56,,,,,,,,,,22,735,27,6.25,12.5,16,6,1,1,0,0,1,0,0,0,0,1,0,0,1,0,1,0,1,1,1,1
Jaiz Bank,2022,Jaiz Bank Plc,Banking & Finance,Non-Interest Banking,JAIZBANK,2022,Annual Report,JaizBank_2022.pdf,43.09,C,58.9,28.57,44.62,52.84,64.9,Fair,3,,,1.81,23.09,12.84745131,10.87243833,20.58,1.81,23.09,6881.28,33429.28,379819.46,29804.8,324050.85,9982.15,30050.82,,,,,,,,,,821,25.8,6.7,13.3,15,7,1,1,0,0,1,0,0,0,0,1,0,0,1,0,1,0,1,0,1,0
Jaiz Bank,2023,Jaiz Bank Plc,Banking & Finance,Commercial Banking,,2023,Annual Report,JaizBank_2023.pdf,33.18,C,44.8,22.28,38.57,37.32,66.7,Fair,3,,,1.94,28.59,13.27100932,11.86753284,23.79,1.94,28.59,11237.187,47237.207,580131.058,39314.928,466571.199,14054.99,67009.87,,,,,,,,3.9285,20.73,846,27,7.7,15.38,13,5,1,1,1,0,0,0,0,0,0,0,0,0,0,0,0,0,0,0,0,0
Jaiz Bank,2024,Jaiz Bank Plc,Banking & Finance,Commercial Banking,JAIZBANK,2024,Annual Report,JaizBank_2024.pdf,37.91,C,50.2,14.29,40.82,53.45,68.4,Fair,3,,,2.17,32.86,13.89316301,12.66043814,28.34,2.17,32.86,23484.25,82874.82,1080746.98,71465.77,904787.96,26394.68,,,,,,,,,,,878,28.02,18.2,16.67,12,6,1,1,0,0,1,0,0,0,0,1,0,0,1,0,1,0,1,0,1,0
Julius Berger Nigeria,2020,Julius Berger Nigeria Plc,Industrial Goods,Civil Engineering and Construction,JBERGER,2020,Annual Report,JuliusBerger_2020.pdf,26.79,D,33.2,14.29,18.92,42.08,64.9,Below Average,2,,,2.21,16.2,12.70363744,0.603272094,3.01,2.21,16.2,7281.85,241779.455,328942.235,44947.602,27115.634,11192.573,,,,,,,,,,,12217,,15.38,7.69,13,4,1,1,0,0,0,1,0,0,0,0,0,0,0,0,0,0,1,0,0,1
Julius Berger Nigeria,2021,Julius Berger Nigeria Plc,Industrial Goods,Civil Engineering and Construction,JBERGER,2021,Annual Report,JuliusBerger_2021.pdf,29.1,D,37.6,14.29,18.9,47.85,64.9,Below Average,2,,,1.85,16.67,13.07577174,0.466364532,2.61,1.85,16.67,8852.129,338806.798,477238.546,53112.774,24769.914,24351.924,,,,,,,,,,,13354,,15.38,7.69,13,6,1,1,0,0,0,1,0,0,0,0,0,0,0,0,0,0,1,0,1,1
Julius Berger Nigeria,2022,Julius Berger Nigeria Plc,Industrial Goods,Construction,JBERGER,2022,Annual Report,JuliusBerger_2022.pdf,14.94,F,4.1,0,18.34,23.6,64.9,Below Average,2,,,,13.86,,,1.79,,13.86,7907.741,440981.644,,57061.727,,,39200,,,,,,,,,,14043,,14.29,21.43,14,6,1,0,0,0,0,0,0,0,0,0,0,0,0,0,0,0,0,0,0,0
Julius Berger Nigeria,2023,Julius Berger Nigeria Plc,Industrial Goods,Construction,JBERGER,2023,Annual Report,JuliusBerger_2023.pdf,36.7,C,49,14.29,49.4,43.99,64.9,Below Average,2,,,1.83,11.79,13.44000519,0.042010533,2.83,1.83,11.79,12552.665,443439.239,686942.03,106468.156,4472.784,31665.081,68800,,,,,,,,,,11716,,14.29,21.43,14,7,1,1,0,0,0,1,0,0,0,0,0,1,0,0,0,0,1,0,0,1
Julius Berger Nigeria,2024,Julius Berger Nigeria Plc,Industrial Goods,Civil Engineering & Construction,JULBERGER,2024,Annual Report,JuliusBerger_2024.pdf,34.53,C,46.1,28.57,27.61,44.18,64.9,Below Average,2,,,1.52,4.48,13.83828416,0.164000084,2.74,1.52,4.48,15506.8,566705.5,1023034.9,345779.7,56707.9,26888.6,248400,,,,,,,,,,9419,,15.4,23.1,13,7,1,1,0,0,1,1,0,0,0,0,0,1,0,0,0,0,1,0,0,1
Lafarge Africa,2020,Lafarge Africa Plc,Industrial Goods,Cement Manufacturing,,2020,Annual Report,Lafargeplc_2020.pdf,40.55,C,55.2,28.57,23.61,62.23,63.2,Below Average,2,,,6.08,8.58,13.13668823,0.138285611,13.38,6.08,8.58,30842.138,230572.922,507213.975,359638.502,49732.83,75462.413,,,,,,,,,,,1379,,45.5,27.3,11,8,1,1,0,0,1,0,0,0,0,0,0,0,0,0,1,0,1,1,1,0
Lafarge Africa,2021,Lafarge Africa Plc,Industrial Goods,Cement Manufacturing,LAFARGEAFR,2021,Annual Report,Lafargeplc_2021.pdf,18.85,D,9.5,0,13.18,37.23,61.4,Below Average,2,,,9.68,13.47,13.17464876,0.061515366,17.4,9.68,13.47,51003.5,293086.2,526838.2,378560.7,23287.3,97764.5,,,,,,,,,,,1351,,41.7,33.3,12,,1,0,0,0,0,0,0,0,0,0,0,0,0,0,0,0,1,0,0,0
Lafarge Africa,2022,Lafarge Africa Plc,Industrial Goods,Cement Manufacturing,WAPCO,2022,Annual Report,Lafargeplc_2022.pdf,22.09,D,22,0,11.62,46.52,61.4,Below Average,2,,,8.93,12.89,13.30587002,0.087942018,14.37,8.93,12.89,53647.456,373244.938,600711.473,416102.005,36592.85,84193.893,,,,,,,,,,,1343,,33.33,25,12,,1,1,0,0,0,0,0,0,0,0,0,0,0,0,0,0,1,0,0,0
Lafarge Africa,2023,Lafarge Africa Plc,Industrial Goods,Cement Manufacturing,WAPCO,2023,Annual Report,Lafargeplc_2023.pdf,49.89,B,72.2,39.85,45.03,61.07,68.4,Below Average,2,,,7.51,11.76,13.43186306,0.060325019,12.61,7.51,11.76,51141.07,405502.712,681371.572,435051.865,26244.512,102023.321,,,,,570,,13.7,,122940,100,1467,,45.45,27.27,11,5,1,1,0,0,0,1,0,0,0,0,0,1,0,0,0,0,1,1,1,1
Lafarge Africa,2024,Lafarge Africa Plc,Industrial Goods,Cement Manufacturing,WAPCO,2024,Annual Report,Lafargeplc_2024.pdf,50.39,B,73,41.11,44.92,61.45,66.7,Below Average,2,,,10.11,19.85,13.80597482,0.007008607,14.37,10.11,19.85,100145.281,696757.959,990509.585,504640.661,3536.828,193005.216,,,,,537,,,,169299,100,1455,,45.45,27.27,11,6,1,1,0,0,0,1,0,0,0,0,0,1,0,0,0,0,1,1,1,1
MRS Oil Nigeria,2020,MRS Oil Nigeria Plc,Oil & Gas,Downstream Petroleum Marketing,MRS,2020,Annual Report,MRS_2020.pdf,34.07,C,45.6,25,30,43.93,66.7,Below Average,2,,,-6.18,-13.44,10.5094167,0.083777868,-5.39,-6.18,-13.44,-2264.14,41981.44,36659.09,16843.47,1411.11,-160.11,,,,,,,,,,,99,,28.6,14.3,7,5,1,0,0,0,1,0,0,0,0,0,0,0,0,0,1,0,1,0,0,1
MRS Oil Nigeria,2021,MRS Oil Nigeria Plc,Oil & Gas,Downstream Petroleum Marketing,MRS,2021,Annual Report,MRS_2021.pdf,23.22,D,24.9,0,22.22,41.38,61.4,Below Average,2,,,0.91,1.98,10.52420691,0.082120512,0.47,0.91,1.98,339.873,71976.255,37205.315,17183.344,1411.105,1288.02,,,,,,,,,,,91,,28.6,14.3,7,6,1,0,0,0,0,0,0,0,0,0,0,0,0,0,1,0,1,0,0,1
MRS Oil Nigeria,2022,MRS Oil Nigeria Plc,Oil & Gas,Petroleum Products Marketing and Distribution,MRSOIL,2022,Annual Report,MRS_2022.pdf,31.73,C,42.7,11.64,22.22,53.93,64.9,Below Average,2,,,3.25,7.11,10.60970184,0.07627823,1.31,3.25,7.11,1316.102,100779.88,40526.114,18499.446,1411.105,,,,,,,,,,,,88,,28.57,14.29,7,5,1,0,0,0,0,0,0,0,0,0,0,0,0,0,1,0,1,0,1,1
MRS Oil Nigeria,2023,MRS Oil Nigeria Plc,Oil & Gas,Petroleum Product Marketing,MRS,2023,Annual Report,MRS_2023.pdf,32.83,C,43.6,14.29,22.22,54.7,63.2,Below Average,2,,,7.39,17.91,10.9120163,0.062407485,2.22,7.39,17.91,4048.76,182310.96,54831.29,22611.23,1411.11,6848.43,,,,,,,,,,,80,,28.6,14.3,7,7,1,1,0,0,1,0,0,0,0,0,0,0,0,0,1,0,1,0,0,1
MRS Oil Nigeria,2024,MRS Oil Nigeria Plc,Oil & Gas,Petroleum Marketing,MRS,2024,Annual Report,MRS_2024.pdf,38.65,C,51,28.57,22.22,58.54,63.2,Below Average,2,,,6.14,22.95,11.56905217,0,2.08,6.14,22.95,6496.92,312229.52,105773.17,28309.05,0,11124.41,,,,,,,,,,,75,,28.57,14.29,7,4,1,1,0,0,1,0,0,0,0,0,0,0,0,0,1,0,1,0,1,1
MTN Nigeria,2020,MTN Nigeria Communications Plc,Telecoms & Technology,Telecommunications,MTNN,2020,Sustainability Report,MTNNGSR_2020.pdf,67.57,A,91.7,62.5,59.74,77.24,70.2,Good,4,,,10.45,115.04,14.49026105,2.921473658,15.24,10.45,115.04,205214,1346400,1963543,178386,521150,660650,,,,,,,,,,,1856,33.08,18.75,12.5,16,16,1,1,1,0,1,1,0,1,1,1,0,1,0,0,1,1,1,1,1,1
MTN Nigeria,2021,MTN Nigeria Communications Plc,Telecoms & Technology,Telecommunications,MTNN,2021,Sustainability Report,MTNNGSR_2021.pdf,68.71,A,93.8,69.82,52.39,80.13,75.4,Good,4,,,13.22,112.71,14.63067845,1.861491956,18.1,13.22,112.71,298700,1650000,2259555,264981,493260,877100,,65899.36,44195.56,1647307,,1176233.9,,,,,1705,33.67,21,25,16,8,1,1,1,0,1,0,0,1,0,1,0,1,0,1,1,0,1,1,1,1
MTN Nigeria,2022,MTN Nigeria Communications Plc,Telecoms & Technology,Telecommunications,MTNN,2022,Sustainability Report,MTNNGSR_2022.pdf,75.11,A,99.2,72.62,64.2,85.15,78.9,Good,4,,,13.21,119.5,14.81467077,2.054542692,17.84,13.21,119.5,358877,2012272,2716000,335682,689673,1070365,,55698,26835,,,922072.39,0.03,,,,1682,35.55,20,26.7,15,8,1,1,1,1,1,1,0,1,1,1,1,1,0,0,1,0,1,1,1,1
MTN Nigeria,2023,MTN Nigeria Communications PLC,Telecoms & Technology,Telecommunications,MTNN,2023,Annual Report,MTNNG_2023.pdf,72.23,A,96.3,77.4,61.12,76.69,70.2,Good,4,,,-4.3,200.6575,14.9751637,-6.939558863,-5.55,-4.3,335.5,-137020,2468847,3188827,-40844,1177169,1202530,,,98716,,,970987,,,,,1824,38.7,20,26.7,15,12,1,1,0,1,1,1,0,1,1,1,0,1,0,0,1,1,1,1,1,1
MTN Nigeria,2024,MTN Nigeria Communications Plc,Telecoms & Technology,Telecommunications,MTNN,2024,Sustainability Report,MTNNGSR_2024.pdf,73.15,A,97.5,63.93,63.06,87.63,82.5,Good,4,,,-9.54,,15.2498784,-2.124236092,-11.92,-9.54,,-400435,3334900,4196991,-458007,972915,1313397,,55066,46234,295402,,1004651,0.06,4701000,307.8,8.42,1847,41.4,21.4,21.4,14,15,1,1,1,1,1,0,0,1,1,1,0,1,0,0,1,1,1,1,1,1
Mutual Benefits Assurance,2020,Mutual Benefits Assurance Plc,Banking & Finance,General and Life Insurance,,2020,Annual Report,MBENEFIT_2020.pdf,20.32,D,15.4,0,16.52,38.4,64.9,,,,,6.17,21.88,11.32502124,0.166566908,25.57,6.17,21.88,5109.209,19983.843,82869.407,23354.759,3890.13,5274.428,,,,,,,,,,,164,36,10,30,10,5,1,1,0,0,0,0,0,0,0,0,0,0,0,0,0,0,1,0,0,0
Mutual Benefits Assurance,2021,Mutual Benefits Assurance Plc,Banking & Finance,General Insurance and Life Assurance,MUTUAL,2021,Annual Report,MBENEFIT_2021.pdf,20.89,D,17.8,0,18.96,38.01,63.2,,,,,-6.47,-29.46,11.33595369,0.127021021,-18.52,-6.47,-29.46,-5424.71,29299.247,83780.343,18409.008,2338.331,,,,,,,,,,,,656,39,11.1,22.2,9,5,1,0,0,0,0,0,0,0,0,0,0,0,0,0,1,0,1,0,0,0
Mutual Benefits Assurance,2022,Mutual Benefits Assurance Plc,Banking & Finance,Insurance,,2022,Annual Report,MBENEFIT_2022.pdf,22.07,D,21.6,0,17.28,42.22,64.9,,,,,3.38,14.69,11.43984808,0.018753178,9.38,3.38,14.69,3141.35,33481.3,92952.89,21376.11,400.87,,,,,,,,,,,,1306,40,9.09,18.18,11,4,1,0,0,0,0,0,0,0,0,0,0,0,0,0,1,0,1,0,0,0
Mutual Benefits Assurance,2023,Mutual Benefits Assurance Plc,Banking & Finance,Insurance,MUTUALBENEFITS,2023,Annual Report,MBENEFIT_2023.pdf,26.13,D,31.1,0,24.87,46.68,66.7,,,,,5.33,21.35,11.61239643,0.014535456,14.75,5.33,21.35,5888.59,39921.85,110458.64,27578.77,400.87,6645.51,,,,,,,,,,,342,40,16.7,75,12,5,1,1,0,0,0,0,0,0,0,0,0,0,0,0,0,0,1,0,0,0
Mutual Benefits Assurance,2024,Mutual Benefits Assurance Plc,Banking & Finance,Non-Life and Life Insurance,MUTUAL,2024,Annual Report,MBENEFIT_2024.pdf,22.61,D,22.8,0,24.83,37.89,66.7,,,,,7.69,22.52,11.89909575,0.007974111,16.91,7.69,22.52,11317.893,66916.138,147133.519,50271.433,400.87,,,,,,,,,,,,342,40,18.18,27.27,11,3,1,1,0,0,0,0,0,0,0,0,0,0,0,0,0,0,0,0,0,0
Nascon Allied Industries,2020,NASCON Allied Industries Plc,Consumer Goods,Food Manufacturing,NASCON,2020,Annual Report,NasconAllied_2020.pdf,52.45,B,75.9,55.55,42.22,57.79,70.2,Good,4,,,6.07,21.15,10.69894289,0.28359057,9.61,6.07,21.15,2690.31,28010.059,44308.991,12719.82,3607.221,6363.819,38416.856,,,,,,,25086,,,593,14.3,40,10,10,7,1,1,1,0,0,1,0,1,0,0,0,1,0,1,0,0,1,1,0,1
Nascon Allied Industries,2021,NASCON Allied Industries Plc,Consumer Goods,Food Products,NASCON,2021,Annual Report,NasconAllied_2021.pdf,65.53,A,90.5,74.99,48.8,70.98,80.7,Good,4,,,7.33,20.31,10.60958546,0.002636241,8.93,7.33,20.31,2970.982,33279.688,40521.398,14630.68,38.57,5049.641,34972.59,19915,302,,20.42,136763,,26259,389,,581,10,40,10,10,4,1,1,1,0,1,1,0,1,1,0,0,1,0,1,0,1,1,1,1,1
Nascon Allied Industries,2022,Nascon Allied Industries Plc,Consumer Goods,Salt and Seasoning Processing,NASCON,2022,Integrated Report,NasconAllied_2022.pdf,73.07,A,97.1,83.32,51.87,81.28,78.9,Good,4,,,9.85,28.72,10.92469256,0.253721044,9.3,9.85,28.72,5469.25,58786.25,55530.77,19042.37,4831.45,11744.04,,27490,524,,20.06,146507,,16452,282,,590,10,40,10,10,7,1,1,1,0,0,1,0,1,1,0,0,1,0,0,1,1,1,1,1,1
Nascon Allied Industries,2023,Nascon Allied Industries Plc,Consumer Goods,Food & Beverage,NASCON,2023,Integrated Report,NasconAllied_2023.pdf,67.75,A,92.5,66.66,56.37,77.1,71.9,Good,4,,,16.42,49.96,11.33370299,0.201394059,16.98,16.42,49.96,13728.369,80828.373,83591.991,27471.858,5532.669,23118.281,,,,,18.38,,,19035,240,,990,,40,20,10,7,1,1,1,1,0,1,0,1,1,0,0,1,0,0,0,1,1,1,1,1
Nascon Allied Industries,2024,Nascon Allied Industries Plc,Consumer Goods,Food Processing,NASCON,2024,Integrated Report,NasconAllied_2024.pdf,73.29,A,97.9,70.18,60.07,85.54,75.4,Good,4,,,17.3524,36.19,11.27088562,0.066431296,12.94,19.85,36.19,15583.6,120387.15,78502.49,43055.46,2860.23,27414.02,,,,,25.73,330144,,22910,280,0.54,693,,30,20,10,8,1,1,1,1,1,1,0,1,1,0,0,1,0,0,1,1,1,1,1,1
Nestle Nigeria,2020,Nestlé Nigeria Plc,Consumer Goods,Food Products,NESTLE,2020,Annual Report,Nestleplc_2020.pdf,37.14,C,49.4,14.29,45.15,48.27,63.2,,,,,15.93,133.86,12.41383855,1.372553776,13.66,15.93,133.86,39212.025,287084.087,246184.996,29296.984,40211.686,,1192948,,,,,,,,,,2239,,14.29,28.57,7,4,1,1,0,0,0,1,0,0,0,0,0,1,0,0,0,0,1,1,0,0
Nestle Nigeria,2021,Nestlé Nigeria Plc,Consumer Goods,Food Products,NESTLE,2021,Annual Report,Nestleplc_2021.pdf,30.6,C,40.2,14.29,22.62,48.81,63.2,,,,,12.9,187.3,12.64509665,3.595474345,11.38,12.9,187.3,40037.277,351822.329,310238.504,21378.209,76864.802,70284.737,1233769,,,,,,,,,,2268,,20,30,10,4,1,1,0,0,0,1,0,0,0,0,0,1,0,0,1,0,1,1,0,0
Nestle Nigeria,2022,Nestle Nigeria Plc,Consumer Goods,Food Products,NESTLE,2022,Annual Report,Nestleplc_2022.pdf,39.71,C,53.5,14.29,50.12,50.98,63.2,,,,,11.8,161.67,12.93613989,5.126900468,10.96,11.8,161.67,48965.49,446819.26,415044.03,30291.22,155300.07,,871922,,,,,,,,,,2320,,20,30,10,,1,1,0,0,0,1,0,0,0,0,0,1,0,0,0,0,1,1,0,0
Nestle Nigeria,2023,Nestlé Nigeria PLC,Consumer Goods,Food and Beverage,,2023,Annual Report,Nestleplc_2023.pdf,43.22,C,59.3,37.03,37.68,52.01,64.9,,,,,-13.66,101.84,13.27383803,-5.155619436,-14.53,-13.66,101.84,-79473.781,547118.754,581774.407,-78035.156,402319.567,115460.584,792656,,,,,,,,19411,,2375,,30,30,10,4,1,1,0,0,0,1,0,0,0,0,0,1,0,0,0,0,1,1,0,0
Nestle Nigeria,2024,Nestlé Nigeria PLC,Consumer Goods,Food and Beverage,NESTLE,2024,Annual Report,Nestleplc_2024.pdf,39.59,C,53.1,14.29,33.41,63.2,64.9,,,,,-19.17,,13.66317298,-6.939558863,-17.17,-19.17,,-164595.02,958814.74,858698.35,-92289.92,653701.54,196700,693574,,,,,,,,,,2565,,44.44,33.33,9,5,1,1,0,0,0,1,0,0,0,0,0,1,0,0,1,0,1,1,0,1
Niger Delta E&P,2020,Niger Delta Exploration & Production Plc,Oil & Gas,Oil and Gas Exploration and Production,,2020,Annual Report,Aradelplc_2020.pdf,38.19,C,50.6,0,61.44,49.4,43.9,,,,,5.54,6.99,12.62141884,0.109159916,48.0936,5.54,6.99,16796.063,32528.716,302979.02,240331.452,26234.561,26277.532,,,,,,,,,,,204,,0,62.5,8,5,1,1,0,0,,,,,,,,,,,,,,,,
Niger Delta E&P,2021,Niger Delta Exploration & Production Plc,Oil & Gas,Integrated Oil and Gas,NDEP,2021,Annual Report,Aradelplc_2021.pdf,55.73,B,80.1,50,66.83,51.69,42.1,,,,,7.79,10.1,12.8411488,0.072828846,48.0936,7.79,10.1,29403.02,51567.66,377433.17,291234.19,21210.25,39425.9,,,,,,,,,,,229,,12.5,62.5,8,7,1,1,0,0,,,,,,,,,,,,,,,,
Nigerian Breweries,2020,Nigerian Breweries Plc,Consumer Goods,Brewing,NB,2020,Annual Report,NigerianBreweriesplc_2020.pdf,28.87,D,36.1,22.48,20.43,40,68.4,,,,,1.693,4.67,13.00456443,0.567464091,2.233,1.693,4.67,7525.621,337006.267,444437.374,161150.877,91447.336,67992.754,447827,,,,,,70,,,94,2990,,30,30,10,5,1,1,0,0,0,0,0,0,0,0,0,0,0,0,0,0,0,0,0,0
Nigerian Breweries,2021,Nigerian Breweries Plc,Consumer Goods,Brewing,NB,2021,Annual Report,NigerianBreweriesplc_2021.pdf,21.61,D,19.9,12.8,11.26,35.99,63.2,,,,,2.68,7.51,13.08702541,0.182255531,2.96,2.68,7.51,12927.163,437195.534,482639.565,172139.303,31373.34,77422.236,403796,,,,,,,,,95.6,2740,,33.3,25,12,,1,1,0,0,0,0,0,0,0,0,0,0,0,0,0,0,0,0,0,0
Nigerian Breweries,2022,Nigerian Breweries Plc,Consumer Goods,Brewing,NB,2022,Annual Report,NigerianBreweriesplc_2022.pdf,25.23,D,27.8,25.3,11.16,35.73,64.9,,,,,2.24,7.7,13.33959872,0.67587032,2.53,2.24,7.7,13925.086,550477.627,621318.254,180879.079,122250.801,90323.945,337057,,,,,,,,,97.05,2685,,33.3,25,12,7,1,1,0,0,1,0,0,0,0,0,0,0,0,0,0,0,0,0,0,0
Nigerian Breweries,2023,Nigerian Breweries Plc,Consumer Goods,Brewing,NB,2023,Annual Report,NigerianBreweriesplc_2023.pdf,22.86,D,23.7,14.29,11.16,38.06,61.4,,,,,-13.27,-162.33,13.58902015,5.241817802,-17.65,-13.27,-162.33,-105769.22,599508.76,797326.99,65168.61,341601.98,,369941,,,,,,,,,,2305,,30,30,10,8,1,1,0,0,0,0,0,0,0,0,0,0,0,0,0,0,0,0,0,0
Nigerian Breweries,2024,Nigerian Breweries Plc,Consumer Goods,Brewing,NB,2024,Annual Report,NigerianBreweriesplc_2024.pdf,39.34,C,52.7,28.57,33.38,51.88,63.2,,,,,-12.82,-31,13.93441967,0.438637117,-13.43,-12.82,-31,-144338.449,1074881.998,1126267.553,465464.52,204170.015,124123.036,991457,,,,,,,,,,2169,,36.36,27.27,11,9,1,1,0,0,1,0,0,0,0,0,0,0,0,0,1,0,0,1,0,0
Northern Nigeria Flour Mills,2020,Northern Nigeria Flour Mills Plc,Consumer Goods,Food Milling,,2020,Annual Report,NNFMplc_2020.pdf,21.06,D,19.1,0,11.11,44.33,63.2,,,,,0.761,2.334,9.046878174,0.732505644,0.731,0.761,2.334,64.635,8841.135,8491.986,2768.993,2028.303,760.497,,,,,,,,,,,64,,0,58.33,12,5,1,0,0,0,0,0,0,0,0,0,0,0,0,0,1,0,1,0,0,0
Northern Nigeria Flour Mills,2021,Northern Nigeria Flour Mills Plc,Consumer Goods,Food Products (Flour Milling),,2021,Annual Report,NNFMplc_2021.pdf,23.67,D,26.6,0,22.22,42.51,61.4,,,,,0.95,2.51,8.904530988,0.72158079,0.81,0.95,2.51,69.919,8667.751,7365.27,2787.771,2011.602,535.773,,,,,,,,,,,63,,0,,10,4,1,0,0,0,0,0,0,0,0,0,0,0,0,0,1,0,1,0,0,0
Northern Nigeria Flour Mills,2022,Northern Nigeria Flour Mills Plc,Consumer Goods,Flour Milling,,2022,Annual Report,NNFMplc_2022.pdf,18.1,D,8.3,0,11.13,36.91,63.2,,,,,,2.83,,0.137925127,0.53,,2.83,80.668,15232.82,,2854.469,393.703,620,,,,,,,,,,,63,,0,25,12,4,1,0,0,0,0,0,0,0,0,0,0,0,0,0,1,0,1,0,0,0
Northern Nigeria Flour Mills,2023,Northern Nigeria Flour Mills Plc,Consumer Goods,Food Processing,,2023,Annual Report,NNFMplc_2023.pdf,18.25,D,8.7,0,11.19,37.25,61.4,,,,,1.53,4.15,9.788515998,0.032526442,1.69,1.53,4.15,272.82,16161.84,17827.83,6579.57,214.01,862.39,,,,,,,,,,,576,,0,,11,4,1,0,0,0,0,0,0,0,0,0,0,0,0,0,1,0,1,0,0,0
Northern Nigeria Flour Mills,2024,Northern Nigeria Flour Mills Plc,Consumer Goods,Food Products (Flour Milling),,2024,Annual Report,NNFMplc_2024.pdf,22.51,D,22.4,0,11.13,47.93,63.2,,,,,8.51,18.89,9.793920758,0.00566198,5.88,8.51,18.89,1525.895,25951.365,17924.446,8077.739,45.736,2609.059,,,,,,,,,,,57,,0,41.67,12,4,1,1,0,0,0,0,0,0,0,0,0,0,0,0,1,0,1,0,0,0
Oando,2020,Oando PLC,Oil & Gas,Integrated Oil and Gas,OANDO,2020,Annual Report,Oandoplc_2020.pdf,42.53,C,58.1,28.57,38.2,56.25,68.4,,,,,-10.13,200.6575,14.14423583,-6.199902401,-28.1327,-10.13,207.85,-140674.463,477070.471,1389196.159,-67683.194,419629.197,,,,,,,,,,,,148,,0,20,10,6,1,1,1,0,1,0,0,0,0,0,0,1,0,0,1,0,1,1,0,1
Oando,2021,Oando PLC,Oil & Gas,Integrated Oil and Gas,OANDO,2021,Annual Report,Oandoplc_2021.pdf,41.6,C,56.8,14.29,44.16,60.17,68.4,,,,,3.3,-25.45,13.81156686,-3.5714637,4.09,3.3,-25.45,32858.799,803460.186,996064.07,-129017.691,460782,,,,,,,,,,,,142,,16.67,25,12,9,1,1,1,0,1,0,0,0,0,0,0,1,0,0,1,0,1,1,0,1
Oando,2022,Oando PLC,Oil & Gas,Integrated Energy,OANDO,2022,Annual Report,Oandoplc_2022.pdf,44.61,C,62.2,14.29,53.39,60.77,68.4,,,,,-6.49,41.19,14.04051676,-2.572626278,-4.07,-6.49,41.19,-81230.816,1993754.362,1252330.481,-197205.768,507336.741,,,,,,,,,,,,146,,27.27,27.27,11,8,1,1,1,0,1,0,0,0,0,0,0,1,0,0,1,0,1,1,0,1
Oando,2023,Oando PLC,Oil & Gas,Integrated Oil & Gas,OANDO,2023,Annual Report,Oandoplc_2023.pdf,44.49,C,61.8,24.44,41.81,61.53,70.2,,,,,2.25,,14.79987777,-3.062908041,2.12,2.25,,60277.17,2845598.31,2676117.93,-267178.72,818343.85,,,,,,,,,,,,144,,18.18,45.45,11,9,1,1,1,0,1,0,0,0,0,0,0,1,0,0,1,0,1,1,0,1
Oando,2024,Oando PLC,Oil & Gas,Integrated Energy,OANDO,2024,Annual Report,Oandoplc_2024.pdf,50.22,B,72.6,24.88,62.9,59.72,71.9,,,,,3.42,-60.97,15.67713175,-6.939558863,5.39,3.42,-60.97,220120.05,4086651,6434159.34,-360979.38,2771883.89,570949.53,,,,,,,,,5196.16,,998,25,15.38,46.15,13,10,1,1,1,0,1,0,0,0,0,0,0,1,0,1,1,0,1,1,0,1
PZ Cussons Nigeria,2020,PZ Cussons Nigeria Plc,Consumer Goods,Personal & Home Care Products,PZ,2020,Annual Report,PZCN_2020.pdf,25.13,D,27,0,11.29,54.36,63.2,Good,4,,,-9.23,-20.95,11.27023129,0,-10.81,-9.23,-20.95,-7239.56,66992.56,78451.14,34559.95,0,-4072.53,,,,,,,,,,,1302,,20,20,10,7,1,1,0,0,0,0,0,0,0,0,0,0,0,0,1,0,1,1,1,0
PZ Cussons Nigeria,2021,PZ Cussons Nigeria Plc,Consumer Goods,Consumer Products,PZ,2021,Annual Report,PZCN_2021.pdf,20.22,D,14.9,0,11.26,42.1,63.2,Good,4,,,1.94,5.37,11.3776196,0,2.05,1.94,5.37,1695.453,82577.54,87344.871,31570.48,0,4060.892,,,,,,,,,,,1182,,28.57,28.57,7,11,1,0,0,0,0,0,0,0,0,0,0,0,0,0,1,0,1,1,0,0
PZ Cussons Nigeria,2022,PZ Cussons Nigeria Plc,Consumer Goods,Personal and Home Care Products,PZ,2022,Annual Report,PZCN_2022.pdf,22.99,D,24.5,0,11.24,49.04,63.2,Good,4,,,6.12,17.75,11.6034303,0,6.73,6.12,17.75,6699.33,99503.32,109472.68,37739.83,0,2259.15,45660.49,,,,,,,,,,1040,,14.29,28.57,7,6,1,0,0,0,0,0,0,0,0,0,0,0,0,1,1,0,1,1,0,1
PZ Cussons Nigeria,2023,PZ Cussons Nigeria Plc,Consumer Goods,Consumer Products,PZ,2023,Annual Report,PZCN_2023.pdf,28.09,D,34.4,0,11.21,61.82,63.2,Good,4,,,8.62,29.66,12.0219448,0.49653371,12.59,8.62,29.66,14348.34,113964.31,166365.89,48360.06,24012.4,21232.53,76738.8,,,,,,,,,,996,,28.57,42.86,7,8,1,0,0,0,0,0,0,0,0,0,0,0,0,0,1,0,1,1,1,1
PZ Cussons Nigeria,2024,PZ Cussons Nigeria Plc,Consumer Goods,Consumer Products,PZ,2024,Annual Report,PZCN_2024.pdf,25.61,D,28.6,0,11.21,55.63,61.4,Good,4,,,-27.9244,,11.96438127,-3.237912098,-28.1327,-48.41,,-76023.67,152249.31,157059.7,-27506.84,89064.73,-125032.48,60748.3,,,,,,,,,,946,,16.7,50,6,12,1,0,0,0,0,0,0,0,0,0,0,0,0,0,1,0,1,1,1,1
Seplat Energy,2020,Seplat Petroleum Development Company Plc,Oil & Gas,Oil & Gas Exploration and Production,SEPLAT,2020,Annual Report,Seplat_2020.pdf,56.9,B,81.3,49.98,50.71,66.74,73.7,,,High (30-40),2,-2.34,-4.86,14.08617642,0.419709743,-16.09,-2.34,-4.86,-30712,190922,1310837,632337,265398,95709,,,,,,,,190000,,,528,26,15.38,46.15,13,10,1,1,0,0,1,0,0,0,0,0,0,0,0,0,1,0,1,1,0,1
Seplat Energy,2021,Seplat Energy Plc,Oil & Gas,Oil & Gas Exploration and Production,SEPLAT,2021,Annual Report,Seplat_2021.pdf,46.72,B,66.4,28.57,44.19,62.24,71.9,,,High (30-40),2,2.93,6.67,14.28772175,0.448972367,15.98,2.93,6.67,46931,293631,1603536,703364,315791,371829,,,,,,,,,,,532,25,18.75,56.25,16,9,1,1,0,0,1,0,0,0,0,0,0,0,0,0,1,0,1,1,0,1
Seplat Energy,2022,Seplat Energy Plc,Oil & Gas,Oil and Gas Exploration and Production,SEPLAT,2022,Annual Report,Seplat_2022.pdf,62.29,A,85.9,66.45,44.57,72.47,70.2,,,High (30-40),2,2.81,5.65,14.27395514,0.437645985,11,2.81,5.65,44433,403913,1581612,786894,344381,176900,,730000,0,9000,23.9,,,,,,596,25,28.6,57.1,14,11,1,1,1,0,1,1,0,0,0,0,0,1,0,1,1,0,1,1,0,1
Seplat Energy,2023,Seplat Energy Plc,Oil & Gas,Oil and Gas Exploration and Production,SEPLAT,2023,Annual Report,Seplat_2023.pdf,73.82,A,98.8,72.58,61.98,83.62,71.9,,,High (30-40),2,2.66,5.04,14.93178397,0.421483473,11.67,2.66,5.04,81330,696867,3053454,1612635,679699,,,565424,,,27.9,,,14070,350,,588,24,26.7,,15,9,1,1,1,1,1,1,0,0,0,0,0,1,0,0,1,0,1,1,0,1
Seplat Energy,2024,Seplat Energy Plc,Oil & Gas,Oil & Gas Exploration and Production,SEPLAT,2024,Integrated Report,Seplat_2024.pdf,73.77,A,98.3,74.85,61.14,82.44,78.9,,,High (30-40),2,2.18,7.57,16.10006008,0.742227861,12.97,2.18,7.57,214245,1651571,9821261,2828983,2099750,796000,,629919,1105,4849879,32.3,,,43105,405,,1446,24,35.7,50,14,7,1,1,1,1,1,1,0,0,0,0,0,1,0,0,1,0,1,1,0,1
Stanbic IBTC Holdings,2020,Stanbic IBTC Holdings PLC,Banking & Finance,Financial Services,,2020,Sustainability Report,StanbicIBTCBankS_2020.pdf,56.05,B,80.5,42.86,57.19,65.09,68.4,Good,4,,,3.35,22.42,14.72630863,0.301951631,35.49,3.35,22.42,83211,234446,2486306,371023,112031,,,,,,,,,,,,4186,43,45,18.18,11,4,1,1,0,0,1,1,0,0,0,1,0,0,1,0,1,0,1,1,1,1
Stanbic IBTC Holdings,2021,Stanbic IBTC Holdings PLC,Banking & Finance,Financial Services,,2021,Sustainability Report,StanbicIBTCBankS_2021.pdf,62.88,A,86.7,50.25,69.89,67.1,70.2,Good,4,,,2.08,15.12,14.82447673,0.487847139,27.56,2.08,15.12,56966,206644,2742764,376866,183853,77986,466451.9,,,,,,,,9.1,100,2895,43,33,18.18,11,,1,1,0,0,1,1,0,0,0,1,0,0,1,0,1,0,1,1,1,1
Stanbic IBTC Holdings,2022,Stanbic IBTC Holdings PLC,Banking & Finance,Banking,STANBIC,2022,Sustainability Report,StanbicIBTCBankS_2022.pdf,66.86,A,90.9,72.72,64.39,64.31,75.4,Good,4,,,2.67,20.4,14.92375167,0.637366007,28.11,2.67,20.4,80814,287540,3029026,407670,259835,108505,433000,7648,1949,166,,48099.6,,,76.754,,4207,44,30,25,12,4,1,1,0,0,1,1,0,0,0,1,0,0,1,1,1,0,1,1,1,1
Stanbic IBTC Holdings,2023,Stanbic IBTC Holdings PLC,Banking & Finance,Financial Services,STANBIC,2023,Annual Report,StanbicIBTCBank_2023.pdf,55.4,B,79.7,42.86,62.82,59.23,66.7,Good,4,,,2.73,27.74,15.45365176,0.888239657,39.59,2.73,27.74,140617,355166,5145596,506924,450270,,,,,,,,,,,,3056,46,27.27,27.27,11,4,1,1,0,0,1,1,0,0,0,1,0,0,1,0,1,0,1,1,0,1
Stanbic IBTC Holdings,2024,Stanbic IBTC Holdings PLC,Banking & Finance,Financial Holding Company / Banking,,2024,Annual Report,StanbicIBTCBank_2024.pdf,64.08,A,88.4,55.83,65.9,68.9,71.9,Good,4,,,3.26,33.6,15.7487829,0.622664945,27.36,3.26,33.6,225311,823309,6912092,670648,417589,,,,,,,,,,196.6,100,3243,47,44.44,33.33,9,5,1,1,0,0,1,1,0,0,0,1,0,0,1,1,1,0,1,1,1,1
Sterling Bank,2020,Sterling Bank Plc,Banking & Finance,Commercial Banking,,2020,Integrated Report,SterlingBank_2020.pdf,56.34,B,80.9,53.82,62.28,53.79,77.2,Good,4,,,0.87,8.28,14.07716303,0.947610734,8.09,0.87,8.28,11242,138897,1299075,135753,128641,18422,,3755.84,3032.31,,,,,912.09,1217.88,0.3,2367,42,25,16.7,12,5,1,1,1,0,1,0,0,0,0,1,0,1,1,1,1,0,1,0,0,0
Sterling Bank,2021,Sterling Bank Plc,Banking & Finance,Commercial Banking,STERLINGNG,2021,Integrated Report,SterlingBank_2021.pdf,47.82,B,69.7,33.01,61.93,48.35,70.2,Good,4,,,0.83,9.55,14.30355607,1.122170315,9.5,0.83,9.55,13515,142316,1629129,141491,158777,19619,,,,,,,,,15.61,,2404,41.6,21.4,14.3,14,5,1,1,0,0,1,0,0,0,0,1,0,1,1,1,1,0,1,0,0,0
Sterling Bank,2022,Sterling Bank Plc,Banking & Finance,Commercial Banking,,2022,Integrated Report,SterlingBank_2022.pdf,57.72,B,82.6,56.1,58.29,58.5,70.2,Good,4,,,1.04,12.55,14.43500689,1.140651177,11.03,1.04,12.55,19327,175140,1857992,153998,175658,25731,,,,,,,,,42.3452,,3043,44.5,23.08,23.08,13,6,1,1,1,0,1,1,0,0,0,1,0,1,1,1,1,0,1,1,0,0
Sterling Bank,2023,Sterling Financial Holdings Company PLC,Banking & Finance,Financial Holding Company,STERLINGNG,2023,Annual Report,SterlingBank_2023.pdf,17.16,D,6.4,0,18.51,29.03,64.9,Good,4,,,0.85,11.76,14.74416139,1.321561622,9.73,0.85,11.76,21584,221773,2531092,183604,242644,,,,,,,,,,,,3042,44.5,28.6,28.6,7,3,1,0,0,0,0,0,0,0,0,0,0,0,0,0,0,0,0,0,0,0
Sterling Bank,2024,Sterling Financial Holdings Company Plc,Banking & Finance,Financial Holding Company (Banking),STERLINGNG,2024,Annual Report,SterlingBank_2024.pdf,67.48,A,91.3,56.08,78.37,67.86,75.4,Good,4,,,1.23,14.31,15.08018516,0.812330621,12.95,1.23,14.31,43675,337192,3541940,305159,247890,,,3330326.32,2690143.46,,,,,2110185,2600,,3826,44.9,33,10.5,19,6,1,1,1,1,1,0,0,0,0,1,0,1,1,1,1,0,1,0,0,0
TotalEnergies,2020,TOTAL SE,Oil & Gas,Integrated Oil and Gas,,2020,Universal Registration Document,TotalEnergies_2020.pdf,54.3,B,77.6,40.88,56.78,62.49,78.9,,,,,-2.72,-6.83,19.80496809,0.728679832,-7.72,-2.72,-6.83,-10863000,211027500,399198000,159127500,115953000,,140580000,36000000,3000000,350000000,,529200,,105000000,501000,59,105476,34.8,46.2,61.5,13,8,0,1,1,0,1,1,0,0,0,0,0,1,0,1,0,0,1,1,0,1
TotalEnergies,2021,TotalEnergies SE,Oil & Gas,Oil & Gas,TTE,2021,Annual Report,TotalEnergies_2021.pdf,58.63,B,83.4,48.1,59.42,65.95,82.5,,,,,5.46,13.92,18.70836782,0.45169498,8.58,5.46,13.92,7280000,84849300,133334000,52272000,23611000,19210000,53500000,34000000,2000000,400000000,17,532800,,101000000,500000,61,101309,35.8,45.5,82,14,9,0,1,1,0,1,1,0,0,0,0,0,1,0,1,0,0,1,1,0,1
TotalEnergies,2022,TotalEnergies SE,Oil & Gas,Integrated Oil & Gas,TTE,2022,Universal Registration Document,TotalEnergies_2022.pdf,59.26,B,83.8,47.04,55.91,70.95,86,,,,,6.76,17.92,19.9375559,0.530260976,7.8,6.76,17.92,30789000,394965000,455796000,171855000,91128000,107367000,230400000,37000000,2000000,389000000,17,597600,0.6,107000000,498000,61,101279,36.3,45.5,82,14,9,0,1,1,0,1,1,0,0,0,0,0,1,0,1,0,0,1,1,1,1
TotalEnergies,2023,TotalEnergies SE,Oil & Gas,Oil & Gas Exploration & Production / Integrated Energy,TTE,2023,Universal Registration Document,TotalEnergies_2023.pdf,62.63,A,86.3,48.04,59.46,75.94,80.7,,,,,7.54,17.9,19.86873085,0.325651093,9.02,7.54,17.9,32076000,355692000,425481000,179179500,58350000,,222900000,32000000,2000000,355000000,,565200,,102000000,521000,61,102579,36.9,45.5,81.8,14,9,0,1,1,0,1,1,0,0,0,0,0,1,0,1,0,1,1,1,1,1
TotalEnergies,2024,TotalEnergies SE,Oil & Gas,Integrated Oil & Gas,,2024,Universal Registration Document,TotalEnergies_2024.pdf,63.44,A,88,43.86,62.29,78.99,82.5,,,,,5.5,13.4,19.87517216,,7.4,5.5,13.4,23700000,322500000,428230500,180382500,,64714500,192000000,33000000,1000000,342000000,,640080000,2.5,92000000,513000,71,102887,36.8,42.9,64.3,14,10,0,1,1,1,1,1,0,0,0,0,0,1,0,1,0,1,1,1,1,1
Unilever Nigeria,2020,Unilever Nigeria Plc,Consumer Goods,Consumer Goods,,2020,Annual Report,Unileverplc_2020.pdf,45.89,B,63.9,14.29,56.54,61.6,63.2,,,,,-4.33,-6.38,11.42428591,0.003853716,-6.4,-4.33,-6.38,-3965.921,61959.678,91517.538,62129.12,239.428,,79855.58,,,,,,,,,,777,,30,50,10,6,1,1,1,0,1,0,0,0,0,1,0,1,0,0,0,0,1,1,1,0
Unilever Nigeria,2021,Unilever Nigeria Plc,Consumer Goods,Personal & Household Goods,UNILEVER,2021,Annual Report,Unileverplc_2021.pdf,29.1,D,37.6,0,45.28,38.78,66.7,,,,,3.15,5.19,11.59255456,0,4.83,3.15,5.19,3409.174,70523.695,108288.535,65761.668,0,4665.153,83302.58,,,,,,,,,,777,51,10,30,10,6,1,1,1,0,0,0,0,0,0,0,0,0,0,0,0,0,0,0,0,0
Unilever Nigeria,2022,Unilever Nigeria Plc,Consumer Goods,Consumer Goods,UNILEVER,2022,Annual Report,Unileverplc_2022.pdf,57.39,B,82.2,49.94,53.36,65.99,68.4,,,,,3.56,6.61,11.7391833,0.175831421,5.04,3.56,6.61,4467.084,88570.826,125389.892,67564.716,11880,9965.14,66642.06,,,,,,,,2314.817,,755,46.9,30,40,10,6,1,1,1,0,1,1,0,0,0,0,0,1,0,0,0,0,1,1,1,1
Unilever Nigeria,2023,Unilever Nigeria Plc,Consumer Goods,Food & Personal Care Products,UNILEVER,2023,Annual Report,Unileverplc_2023.pdf,40.62,C,55.6,14.29,34.45,65,66.7,,,,,7.26,11.33,11.66394849,0.020668186,7.38,7.26,11.33,8439.895,114364.35,116302.344,74509.103,1539.968,24701.308,,,,,,,,,,,786,43,30,30,10,5,1,1,0,0,0,1,0,0,0,0,0,0,0,0,0,0,1,1,1,1
Unilever Nigeria,2024,Unilever Nigeria Plc,Consumer Goods,Personal Care and Food Products,UNILEVER,2024,Annual Report,Unileverplc_2024.pdf,52.71,B,76.3,50.03,33.04,69.48,71.9,,,,,10.69,17.79,11.86109121,0.033255767,10.13,10.69,17.79,15143.154,149522.6,141646.7,85106.08,2830.268,21092.5,189297.4,370.59,,,,73903.25,,37949,1863,29.2,603,18.4,28.6,35.7,14,7,1,1,1,1,1,0,0,0,0,0,0,1,0,0,0,0,1,1,1,0
Union Bank of Nigeria,2020,Union Bank of Nigeria Plc,Banking & Finance,Commercial Banking,UBN,2020,Annual Report,UnionBank_2020.pdf,44.92,C,63.1,28.57,56.48,48.51,68.4,Good,4,,,0.85,7.07,14.59988049,0.696974856,11.65,0.85,7.07,18672,160292,2191026,264318,184223,32984,,,,,,,,,,,2342,39,21,11.8,17,6,1,1,0,0,1,1,0,0,0,1,0,1,1,1,1,0,1,0,0,0
Union Bank of Nigeria,2021,Union Bank of Nigeria Plc,Banking & Finance,Commercial Banking,,2021,Annual Report,UnionBank_2021.pdf,46.31,B,66,28.57,62.99,47.11,63.2,Good,4,,,0.65,6.34,14.76939337,0.80051861,9.55,0.65,6.34,16919,177269,2595769,266867,213632,,,,,,,,,,,,2342,37.1,26.7,20,15,15,1,1,0,0,1,1,0,0,0,1,0,1,1,1,1,0,0,0,0,0
Union Bank of Nigeria,2022,Union Bank of Nigeria Plc,Banking & Finance,Commercial Banking,,2022,Annual Report,UnionBank_2022.pdf,40.87,C,56,28.57,42.95,48.53,66.7,Good,4,,,1.39,13.12,14.84361275,0.617204728,18.63,1.39,13.12,38964,209121,2795755,297023,183324,38799,187292.7,,,,,,,,,,2028,39,16.7,50,6,14,1,1,0,0,1,1,0,0,0,1,0,0,1,0,1,0,1,0,0,0
Union Bank of Nigeria,2023,Union Bank of Nigeria Plc,Banking & Finance,Commercial Banking,UBN,2023,Annual Report,UnionBank_2023.pdf,12.05,F,1.7,0,0.16,30,59.6,Good,4,,,0.43,4.18,14.88898212,0.70084285,19.05,0.43,4.18,12633,66309.9,2925518,302189,211787,,204851.39,,,,,,,,,,,,25,,8,,1,0,0,0,0,0,0,0,0,0,0,0,0,0,0,0,1,0,0,0
United Bank for Africa,2020,United Bank for Africa Plc,Banking & Finance,Commercial Banking,UBA,2020,Annual Report,UBA_2020.pdf,44.78,C,62.7,28.57,54.46,49.68,66.7,,,,,1.48,15.72,15.85646851,0.958857858,18.34,1.48,15.72,113765,620375,7697980,724148,694355,,295824,,,,,,,,,,10838,44,25,18.8,16,7,1,1,0,0,1,1,0,0,0,1,0,0,1,0,1,0,1,0,0,1
United Bank for Africa,2021,United Bank for Africa Plc,Banking & Finance,Commercial Banking,UBA,2021,Annual Report,UBA_2021.pdf,42.32,C,57.7,14.29,48.6,58.63,64.9,,,,,1.39,14.75,15.96042589,0.566312172,17.98,1.39,14.75,118678,660219,8541318,804807,455772,190438,275320,,,,,,,,,,10199,44.4,31.3,18.8,16,7,1,1,0,0,1,0,0,0,0,1,0,0,1,0,1,0,1,0,1,1
United Bank for Africa,2022,United Bank for Africa Plc,Banking & Finance,Commercial Banking,UBA,2022,Annual Report,UBA_2022.pdf,46.74,B,66.8,14.29,58.41,62.33,64.9,,,,,1.57,18.47,16.20037318,0.580991949,19.96,1.57,18.47,170277,853175,10857571,922104,535735,,259915,,,,,,,,,,9597,44,47,33.3,15,7,1,1,0,0,0,0,0,0,0,1,0,0,1,0,1,0,1,0,1,1
United Bank for Africa,2023,United Bank for Africa Plc,Banking & Finance,Commercial Banking,UBA,2023,Annual Report,UBA_2023.pdf,30.34,C,39,0,31.7,52.08,38.6,,,,,2.94,29.93,16.84338068,0.422983507,29.29,2.94,29.93,607696,2075386,20653197,2030195,858739,,877000,,,,,,,,,,10007,45.6,50,21.4,14,6,1,1,0,0,,,,,,,,,,,,,,,,
United Bank for Africa,2024,United Bank for Africa Plc,Banking & Finance,Commercial Banking,UBA,2024,Annual Report,UBA_2024.pdf,46.28,B,65.6,14.29,44.16,71.88,66.7,,,,,2.53,22.42,17.22742877,0.407997452,24.06,2.53,22.42,766568,3186880,30323355,3418639,1394796,884716,1162800,,,,,,,,,,9323,46,46.7,20,15,8,1,1,0,1,0,0,0,0,0,1,0,0,1,0,1,1,1,0,1,1
VFD Group,2020,VFD Group Plc,Banking & Finance,Proprietary Investment Company,VFDGROUP,2020,Annual Report,VFDGroup_2020.pdf,26.67,D,32.4,0,18.94,52.47,66.7,,,,,4.1,37.58,11.31050666,0.826299601,48.0936,4.1,37.58,3349.29,6653.99,81675.28,8914.66,7366.18,,,,,,,,,,,,139,,15.38,7.69,13,5,1,1,0,0,0,0,0,0,0,0,0,0,0,0,1,0,1,0,0,1
VFD Group,2021,VFD Group Plc,Banking & Finance,Proprietary Investment Company,VFDGROUP,2021,Annual Report,VFDGroup_2021.pdf,28.31,D,34.9,0,22.17,54.16,63.2,,,,,3.06,21.3,11.54008294,0.563585056,31.68,3.06,21.3,3149.82,9941.71,102752.96,14791.29,8336.15,4568.64,,,,,,,,,,,182,,13.33,,15,4,1,1,0,0,0,0,0,0,0,1,0,0,0,0,1,0,1,0,1,1
VFD Group,2022,VFD Group Plc,Banking & Finance,Proprietary Investment,,2022,Annual Report,VFDGroup_2022.pdf,26.69,D,32.8,0,20.38,51.45,64.9,,,,,4.76,28.68,11.91244366,2.293904591,20.98,4.76,28.68,7092.73,33803.37,149110.61,24729.76,56727.71,9709.65,,,,,,,,,,,28,,13.3,0,15,4,1,1,0,0,0,0,0,0,0,1,0,0,0,0,1,0,1,1,1,0
VFD Group,2023,VFD Group Plc,Banking & Finance,Proprietary Investment Company,VFDGROUP,2023,Annual Report,VFDGroup_2023.pdf,36.2,C,47.7,14.29,33.33,54.8,63.2,,,,,-0.34,-2.31,12.29809164,2.50840763,-1.66,-0.34,-2.31,-750.44,45113.47,219277.13,32530.57,81599.93,,,,,,,,,,,,21,,28.57,28.57,14,5,1,1,0,0,1,0,0,0,0,1,0,0,0,0,1,0,1,0,0,0
VFD Group,2024,VFD Group Plc,Banking & Finance,Investment Company,VFDGROUP,2024,Annual Report,VFDGroup_2024.pdf,22.83,D,23.2,0,10.27,49.37,64.9,,,,,0.74,5.18,12.59699711,2.883895855,2.49,0.74,5.18,2183.505,87763.526,295669.368,42105.396,121427.577,50690.292,,,,,,,,,,,457,,20,33.33,15,5,1,1,0,0,0,0,0,0,0,0,0,0,0,0,0,0,1,0,0,0
Wema Bank,2020,Wema Bank Plc,Banking & Finance,Commercial Banking,,2020,Annual Report,WemaBank_2020.pdf,43.38,C,60.6,12.5,53.48,58.97,68.4,Fair,3,,,0.47,7.74,13.78358851,14.11497173,5.75,0.47,7.74,4592.217,79876.995,968582.084,59352.833,878389.767,9082.8,,,,,,,,,1.5,,1232,44,33.33,16.67,12,4,1,1,0,0,0,0,0,0,0,1,0,0,1,0,1,0,1,1,0,1
Wema Bank,2021,Wema Bank Plc,Banking & Finance,Commercial Banking,WEMABANK,2021,Annual Report,WemaBank_2021.pdf,46.24,B,65.1,12.5,63.41,58.66,68.4,Fair,3,,,0.77,12.7,13.96781771,1.033643746,9.7,0.77,12.7,8933.2,92137.08,1164517.87,70364.34,72731.66,,,,,,,,,,7,,1305,43,25,16.7,12,6,1,1,0,0,0,0,0,0,0,1,0,0,1,0,1,0,1,1,1,1
Wema Bank,2022,Wema Bank Plc,Banking & Finance,Commercial Banking,,2022,Annual Report,WemaBank_2022.pdf,52.32,B,75.5,14.29,66.76,70.01,66.7,Fair,3,,,0.79,13.75,14.18171274,14.11497173,8.58,0.79,13.75,11351.98,132301.314,1442246.81,82542.902,1221838.251,23694.802,,,,,,,,,,,1415,42,30.77,23.08,13,6,1,1,1,0,1,0,0,0,0,1,0,0,1,0,1,1,1,1,0,1
Wema Bank,2023,Wema Bank Plc,Banking & Finance,Commercial Banking,WEMABANK,2023,Annual Report,WemaBank_2023.pdf,64.11,A,88.8,51.69,61.51,75.38,75.4,Fair,3,,,1.6,25.79,14.62201522,0.576851962,15.92,1.6,25.79,35932.372,225746.689,2240064.506,139321.849,80368.082,54377.464,,,,,,,48,,21.5,,1726,42,38.46,23.08,13,6,1,1,1,0,1,0,0,0,0,1,0,0,1,0,1,1,1,1,0,1
Wema Bank,2024,Wema Bank Plc,Banking & Finance,Commercial Banking,WEMABANK,2024,Annual Report,WemaBank_2024.pdf,40.29,C,54.4,25,41.79,50.63,68.4,Fair,3,,,2.41,33.65,15.09228395,0.428417612,19.96,2.41,33.65,86286.174,432337.943,3585053.487,256450.881,109868.074,,,,,,,,,,33.44775,,2342,30,38.46,23.08,13,6,1,1,1,1,0,0,0,0,0,0,0,0,0,0,0,0,0,0,0,0
Zenith Bank,2020,Zenith Bank Plc,Banking & Finance,Commercial Banking,,2020,Annual Report,ZenithBank_2020.pdf,54.85,B,78,28.57,69.91,63.26,66.7,Fair,3,,,2.72,20.63,15.953371,0.77861389,33.1,2.72,20.63,230565,696450,8481272,1117473,870080,,,,,,,,,,,,7544,32,7.7,30.8,13,5,1,1,1,0,0,1,0,0,0,1,0,1,1,1,1,1,1,0,0,1
Zenith Bank,2021,Zenith Bank Plc,Banking & Finance,Commercial Banking,ZENITHBANK,2021,Annual Report,ZenithBank_2021.pdf,68.19,A,92.9,70.39,64.06,69.65,70.2,Fair,3,,,2.59,19.12,16.06129702,0.584160505,31.95,2.59,19.12,244558,765558,9447843,1279662,747528,309458,,,,,,,,,,,6298,49,15.38,30.77,13,7,1,1,1,0,0,1,1,1,1,1,0,1,1,1,0,1,1,1,0,1
Zenith Bank,2022,Zenith Bank Plc,Banking & Finance,Banking,ZENITHBANK,2022,Annual Report,ZenithBank_2022.pdf,61.74,A,85.5,53.94,52.68,74.39,70.2,Fair,3,,,1.82,16.24,16.32394076,0.924363642,23.68,1.82,16.24,223911,945554,12285629,1378940,1274642,314958,,,,,,,,,,,9040,53.96,17.65,23.53,17,7,1,1,1,0,0,1,1,1,1,1,0,1,1,1,1,1,1,1,0,1
Zenith Bank,2023,Zenith Bank Plc,Banking & Finance,Commercial Banking,ZENITHBANK,2023,Annual Report,ZenithBank_2023.pdf,60.59,A,84.2,28.57,58.64,86.06,68.4,Fair,3,,,3.32,29.14,16.82949794,0.607255378,31.76,3.32,29.14,676909,2131750,20368455,2323380,1410885,829288,,,,,,,,,,,6681,50,21.43,28.57,14,10,1,1,1,1,1,0,0,0,0,1,0,1,1,1,1,0,1,1,1,1
Zenith Bank,2024,Zenith Bank Plc,Banking & Finance,Commercial Banking,ZENITHBANK,2024,Annual Report,ZenithBank_2024.pdf,75.48,A,99.6,68.56,81.89,75.86,75.4,Fair,3,,,3.45,25.63,17.2152911,5.449958094,26.02,3.45,25.63,1032895,3970959,29957525,4029273,21959369,1379397,,,,,,,,,,,7704,53,33.3,20,15,5,1,1,1,0,1,1,1,1,1,1,1,1,1,1,1,1,1,1,1,1
